锕,ac,5
银,ag,5
铝,al,5
镅,am,5
氩,ar,5
砷,as,5
砹,at,5
金,au,5
硼,b,5
铍,be,5
644,bf,3
B—F,bf,3
锫,bk,5
溴,br,5
193,brbr,3
Br—Br,brbr,3
碳,c,5
393,cb,3
C—B,cb,3
276,cbr,3
C—Br,cbr,3
332,cc,3
611,cc,3
837,cc,3
C—C,cc,3
C≡C,cc,3
328,ccl,3
C—Cl,ccl,3
镉,cd,5
485,cf,3
C—F,cf,3
锎,cf,5
414,ch,3
C—H,ch,3
氯,cl,5
243,clcl,3
Cl—Cl,clcl,3
锔,cm,5
305,cn,3
615,cn,3
891,cn,3
C—N,cn,3
C≡N,cn,3
C═N,cn,3
326,co,3
728,co,3
803,co,3
C—O,co,3
C═O,co,3
C═O(CO₂),co,3
钴,co,5
305,cp,3
C—P,cp,3
铬,cr,5
272,cs,3
536,cs,3
577,cs,3
C—S,cs,3
C═S,cs,3
C═S(CS₂),cs,3
铯,cs,5
337,csi,3
347,csi,3
Cs—I,csi,3
C—Si,csi,3
镝,dy,5
铕,eu,5
氟,f,5
铁,fe,5
153,ff,3
F—F,ff,3
镄,fm,5
钫,fr,5
钆,gd,5
氢,h,5
366,hbr,3
H—Br,hbr,3
431,hcl,3
H—Cl,hcl,3
565,hf,3
H—F,hf,3
铪,hf,5
汞,hg,5
436,hh,3
H—H,hh,3
298,hi,3
H—I,hi,3
钬,ho,5
碘,i,5
151,ii,3
I—I,ii,3
铟,in,5
铱,ir,5
钾,k,5
380,kbr,3
K—Br,kbr,3
433,kcl,3
K—Cl,kcl,3
498,kf,3
K—F,kf,3
325,ki,3
K—I,ki,3
氪,kr,5
469,licl,3
Li—Cl,licl,3
238,lih,3
Li—H,lih,3
345,lii,3
Li—I,lii,3
铹,lr,5
镆,mc,5
钔,md,5
镁,mg,5
锰,mn,5
氮,n,5
367,nabr,3
Na—Br,nabr,3
412,nacl,3
Na—Cl,nacl,3
519,naf,3
Na—F,naf,3
186,nah,3
Na—H,nah,3
铌,nb,5
钕,nd,5
389,nh,3
N—H,nh,3
456,nn,3
946,nn,3
N≡N,nn,3
N═N,nn,3
230,no,3
607,no,3
N—O,no,3
N═O,no,3
锘,no,5
镎,np,5
464,oh,3
O—H,oh,3
锇,os,5
磷,p,5
铅,pb,5
382,pbo,3
Pb—O,pbo,3
272,pbr,3
P—Br,pbr,3
346,pbs,3
Pb—S,pbs,3
331,pcl,3
P—Cl,pcl,3
钯,pd,5
322,ph,3
P—H,ph,3
㏗,ph,2
钷,pm,5
213,pp,3
P—P,pp,3
镨,pr,5
铂,pt,5
镭,ra,5
铷,rb,5
381,rbbr,3
Rb—Br,rbbr,3
428,rbcl,3
Rb—Cl,rbcl,3
494,rbf,3
Rb—F,rbf,3
319,rbi,3
Rb—I,rbi,3
铑,rh,5
氡,rn,5
硫,s,5
锑,sb,5
钪,sc,5
314,seh,3
Se—H,seh,3
339,sh,3
S—H,sh,3
552,sif,3
Si—F,sif,3
377,sih,3
Si—H,sih,3
²,sj,2
³,sj,3
¹,sj,1
⁰,sj,9
⁴,sj,4
⁵,sj,5
⁶,sj,6
⁷,sj,7
⁸,sj,8
⁹,sj,9
⁻,sjf,2
ⁿ,sjn,2
⁺,sjz,2
钐,sm,5
364,so,3
S—O,so,3
S═O,so,3
锶,sr,5
268,ss,3
S—S,ss,3
S═S,ss,3
铽,tb,5
锝,tc,5
钍,th,5
铥,tm,5
钨,w,5
氙,xe,5
₀,xj,9
₁,xj,1
₂,xj,2
₃,xj,3
₄,xj,4
₅,xj,5
₆,xj,6
₇,xj,7
₈,xj,8
₉,xj,9
₋,xjf,2
ₘ,xjm,2
ₙ,xjn,2
₊,xjz,2
钇,y,5
镱,yb,5
锌,zn,5
锆,zr,5
6d¹7s²,oa,2
Ac,oa,2
6.02214076×10²³ mol⁻¹,oafujioadeluooihuu,2
6.02214076×10²³ mol⁻¹,oafujioadeloihuu,2
6.02214076×10²³ mol⁻¹,oafujwdeluooihuu,2
6.02214076×10²³ mol⁻¹,oafujwdeloihuu,2
5f¹¹7s²,ol,2
6s²6p⁵,ol,2
At,ol,2
At₂,ol,2
Es,ol,2
NH₃,oj,2
NH₄⁺,ojgflizi,2
NH₄⁺,ohoflizi,2
—NH₂,ojji,2
NH₂CHRCOOH,ojjisuoj,2
NH₂CHRCOOH,ojjisr,2
㎀,ojpz,2
㎁,ojpz,2
㎂,ojpz,2
㎃,ojpz,2
㎄,ojpz,2
Og,oaoo,2
Og,ok,2
4d¹⁰,ba,2
Pd,ba,2
钡,ba,5
KAl(SO₄)₂·12H₂O,blfj,2
P₄,blln,2
As₂O₃,blpi,2
6s²,bz,2
Ba,bz,2
Ba²⁺,bzlizi,2
C₆H₆,bf,2
⌬,bf,2
⏣,bf,2
CₙH₂ₙ₋₆,bfdetsxiwu,2
C₆H₅OH,bfff,2
CₙH₂ₙ₋₇OH,bfffdetsxiwu,2
C₆H₅ONa,bfffna,2
—Ph,bfji,2
—COPh,bfjioaxiojji,2
—COPh,bfjioaxmji,2
—COPh,bfjwxiojji,2
—COPh,bfjwxmji,2
—OCOPh,bfjioaxiojyhji,2
—OCOPh,bfjioaxmyhji,2
—OCOPh,bfjwxiojyhji,2
—OCOPh,bfjwxmyhji,2
—OPh,bfyhji,2
6s²6p³,bi,2
Bi,bi,2
铋,bi,5
—Bz,biojji,2
—Bz,bmji,2
—CH₂Ph,biojji,2
—CH₂Ph,bmji,2
—NHCOOCH₂Ph,biojyhthjiojji,2
—NHCOOCH₂Ph,biojyhthjmji,2
—NHCOOCH₂Ph,bmyhthjiojji,2
—NHCOOCH₂Ph,bmyhthjmji,2
—Pr,b;ji,2
CH₃CH₂CH₃,b;wj,2
C₃H₈,b;wj,2
CH₃CH=CH₂,b;xi,2
—CH=CH—CH₃,b;xiji,1
CH₂=CHCOOH,b;xisuoj,2
CH₂=CHCOOH,b;xisr,2
515,bo,3
5d⁹6s¹,bo,2
Bh,bo,2
B—O,bo,3
Pt,bo,2
5f⁶7s²,bu,2
Pu,bu,2
钙,ca,5
K₂CO₃,caoojioj,2
K₂CO₃,caoojm,2
K₂CO₃,ckjioj,2
K₂CO₃,ckjm,2
K₂CO₃,caoomuhv,2
K₂CO₃,ckmuhv,2
COOH—COOH,caoosuoj,2
COOH—COOH,caoosr,2
COOH—COOH,cksuoj,2
COOH—COOH,cksr,2
H₂C₂O₄,caoosuoj,2
H₂C₂O₄,caoosr,2
H₂C₂O₄,cksuoj,2
H₂C₂O₄,cksr,2
C₂O₄²⁻,caoosuojgf,2
C₂O₄²⁻,caoosuohof,2
C₂O₄²⁻,caoosrgf,2
C₂O₄²⁻,cksuojgf,2
C₂O₄²⁻,cksuohof,2
C₂O₄²⁻,cksrgf,2
铈,ce,5
↓,ifdioj,2
↓,ifdm,2
HgS,ifua,2
Cr₂O₇²⁻,isgesuojgf,2
Cr₂O₇²⁻,isgesuohof,2
Cr₂O₇²⁻,isgesrgf,2
K₂Cr₂O₇,isgesuojjioa,2
K₂Cr₂O₇,isgesuojjw,2
K₂Cr₂O₇,isgesrjioa,2
K₂Cr₂O₇,isgesrjw,2
Na₂S,ibjioj,2
Na₂S,ibjm,2
O₃,ibyh,2
Na₂CO₃,ipjioj,2
Na₂CO₃,ipjm,2
240,ci,3
C—I,ci,3
As₂O₃,cihuoh,2
As₂O₃,cihd,2
H₃PO₂,cilnsuoj,2
H₃PO₂,cilnsr,2
HClO,cilysuoj,2
HClO,cilysr,2
Ca(ClO)₂,cilysuojgl,2
Ca(ClO)₂,cilysuohol,2
Ca(ClO)₂,cilysrgl,2
ClO⁻,cilysuojgf,2
ClO⁻,cilysuohof,2
ClO⁻,cilysrgf,2
NaClO,cilysuojna,2
NaClO,cilysrna,2
铜,cu,5
CH₃COOH,cusuoj,2
CH₃COOH,cusr,2
Ds,da,2
2s²2p³,dj,2
N,dj,2
N₂,dj,2
CuSO₄·5H₂O,djfj,2
Hg₂Cl₂,djgs,2
­—,djjioj,2
­—,djjm,2
N₂,djqi,2
HgS,djua,2
Na₂S₂O₃·5H₂O,dasuda,2
4d⁵5s²,de,2
Tc,de,2
4f¹⁰6s²,di,2
Dy,di,2
Te,di,2
5s²5p⁵,dioj,2
5s²5p⁵,dm,2
I,dioj,2
I,dm,2
I₂,dioj,2
I₂,dm,2
(C₆H₁₀O₅)ₙ,diojff,2
(C₆H₁₀O₅)ₙ,dmff,2
HI,diojhuoaq;,2
HI,diojhwq;,2
HI,dmhuoaq;,2
HI,dmhwq;,2
—I,diojji,2
—I,dmji,2
I⁻,diojlizi,2
I⁻,dmlizi,2
CaC₂,diojui,2
CaC₂,dmui,2
e⁻,diojzi,2
e⁻,dmzi,2
1.602176634×10⁻¹⁹C,diojzidiojhelioh,2
1.602176634×10⁻¹⁹C,diojzidiojheld,2
1.602176634×10⁻¹⁹C,diojzidmhelioh,2
1.602176634×10⁻¹⁹C,diojzidmheld,2
1.602176634×10⁻¹⁹C,dmzidiojhelioh,2
1.602176634×10⁻¹⁹C,dmzidiojheld,2
1.602176634×10⁻¹⁹C,dmzidmhelioh,2
1.602176634×10⁻¹⁹C,dmzidmheld,2
9.10938291×10⁻³¹kg,diojzivilioh,2
9.10938291×10⁻³¹kg,diojzivild,2
9.10938291×10⁻³¹kg,dmzivilioh,2
9.10938291×10⁻³¹kg,dmzivild,2
4f¹³6s²,dq,2
Tm,dq,2
6s²6p⁶,ds,2
Rn,ds,2
6d³7s²,du,2
Db,du,2
(C₆H₁₀O₅)ₙ,duooth,2
(C₆H₁₀O₅)ₙ,doth,2
5d⁶6s²,oe,2
Os,oe,2
Rb—I,oebi,3
4f¹²6s²,or,2
Er,or,2
铒,or,5
[Ag(NH₃)₂]⁺,oerjheynlizi,2
[Ag(NH₃)₂]⁺,orojheynlizi,2
—N(CH₃)₂,orjioaojji,2
—N(CH₃)₂,orjwojji,2
CH₂Cl₂,orlyjioawj,2
CH₂Cl₂,orlyjwwj,2
CₙH₂ₙ₋₂,orxit;,2
NO₂,oryhhuoadj,2
NO₂,oryhhwdj,2
SiO₂,oryhhuoagv,2
SiO₂,oryhhwgv,2
SO₂,oryhhuoalq,2
SO₂,oryhhwlq,2
ClO₂,oryhhuoaly,2
ClO₂,oryhhwly,2
MnO₂,oryhhuoamg,2
MnO₂,oryhhwmg,2
PbO₂,oryhhuoaqioj,2
PbO₂,oryhhuoaqm,2
PbO₂,oryhhwqioj,2
PbO₂,oryhhwqm,2
CO₂,oryhhuoatj,2
CO₂,oryhhwtj,2
—N(C₂H₅)₂,oryiojji,2
㎊,fala,2
㎋,fala,2
㎌,fala,2
9.64853365×10⁴C/mol,faladiihuu,2
3d³4s²,fj,2
V,fj,2
7s¹,fh,2
Fr,fh,2
—Ar,fhxiohji,2
—Ar,fhxdji,2
Al₂O₃,fjtu,2
5d¹²7s²,fz,2
Fm,fz,2
㎙,fzmi,2
㍷,ffmi,2
㍸,ffmi,2
㍹,ffmi,2
2s²2p⁵,fu,2
F,fu,2
Fl,fu,2
F₂,fu,2
HF,fuhuoaq;,2
HF,fuhwq;,2
—F,fuji,2
F⁻,fulizi,2
F₂,fuqi,2
CaF₂,fuui,2
㎴,fute,2
㎵,fute,2
㎶,fute,2
㎷,fute,2
㎸,fute,2
㎹,fute,2
4f⁷5d¹6s²,ga,2
Gd,ga,2
镓,ga,5
4s²,gl,2
Ca,gl,2
Ca²⁺,gllizi,2
NH₂CH₂COOH,ganjsuoj,2
NH₂CH₂COOH,ganjsr,2
NH₂CH₂COOH,gjojsuoj,2
NH₂CH₂COOH,gjojsr,2
HOCH₂CH₂OH,gjip,2
Al₂O₃,ghyu,2
4d²5s²,gaoo,2
4d²5s²,gk,2
Zr,gaoo,2
Zr,gk,2
MnO₄⁻,gaoomgsuojgf,2
MnO₄⁻,gaoomgsuohof,2
MnO₄⁻,gaoomgsrgf,2
MnO₄⁻,gkmgsuojgf,2
MnO₄⁻,gkmgsuohof,2
MnO₄⁻,gkmgsrgf,2
KMnO₄,gaoomgsuojjioa,2
KMnO₄,gaoomgsuojjw,2
KMnO₄,gaoomgsrjioa,2
KMnO₄,gaoomgsrjw,2
KMnO₄,gkmgsuojjioa,2
KMnO₄,gkmgsuojjw,2
KMnO₄,gkmgsrjioa,2
KMnO₄,gkmgsrjw,2
FeO₄²⁻,gaootioesuojgf,2
FeO₄²⁻,gaootioesuohof,2
FeO₄²⁻,gaootioesrgf,2
FeO₄²⁻,gaootxsuojgf,2
FeO₄²⁻,gaootxsuohof,2
FeO₄²⁻,gaootxsrgf,2
FeO₄²⁻,gktioesuojgf,2
FeO₄²⁻,gktioesuohof,2
FeO₄²⁻,gktioesrgf,2
FeO₄²⁻,gktxsuojgf,2
FeO₄²⁻,gktxsuohof,2
FeO₄²⁻,gktxsrgf,2
K₂FeO₄,gaootioesuojjioa,2
K₂FeO₄,gaootioesuojjw,2
K₂FeO₄,gaootioesrjioa,2
K₂FeO₄,gaootioesrjw,2
K₂FeO₄,gaootxsuojjioa,2
K₂FeO₄,gaootxsuojjw,2
K₂FeO₄,gaootxsrjioa,2
K₂FeO₄,gaootxsrjw,2
K₂FeO₄,gktioesuojjioa,2
K₂FeO₄,gktioesuojjw,2
K₂FeO₄,gktioesrjioa,2
K₂FeO₄,gktioesrjw,2
K₂FeO₄,gktxsuojjioa,2
K₂FeO₄,gktxsuojjw,2
K₂FeO₄,gktxsrjioa,2
K₂FeO₄,gktxsrjw,2
NiFeO₄,gaootioesuojnioe,2
NiFeO₄,gaootioesuojnx,2
NiFeO₄,gaootioesrnioe,2
NiFeO₄,gaootioesrnx,2
NiFeO₄,gaootxsuojnioe,2
NiFeO₄,gaootxsuojnx,2
NiFeO₄,gaootxsrnioe,2
NiFeO₄,gaootxsrnx,2
NiFeO₄,gktioesuojnioe,2
NiFeO₄,gktioesuojnx,2
NiFeO₄,gktioesrnioe,2
NiFeO₄,gktioesrnx,2
NiFeO₄,gktxsuojnioe,2
NiFeO₄,gktxsuojnx,2
NiFeO₄,gktxsrnioe,2
NiFeO₄,gktxsrnx,2
3d⁵4s¹,ge,2
4d¹⁰5s²,ge,2
Cd,ge,2
Cn,ge,2
Cr,ge,2
锗,ge,5
CrO₄²⁻,gesuojgf,2
CrO₄²⁻,gesuohof,2
CrO₄²⁻,gesrgf,2
5d¹⁰6s²,gs,2
Hg,gs,2
Hg²⁺,gslizi,2
3d⁷4s²,gu,2
Co,gu,2
2.99792458×10⁸m/s,guohsu,2
2.99792458×10⁸m/s,gdsu,2
3s²3p²,gv,2
Si,gv,2
H₂SiO₃,gvsuoj,2
H₂SiO₃,gvsr,2
SiO₃²⁻,gvsuojgf,2
SiO₃²⁻,gvsuohof,2
SiO₃²⁻,gvsrgf,2
Na₂SiO₃,gvsuojna,2
Na₂SiO₃,gvsrna,2
C₆H₁₂O₆,guooth,2
C₆H₁₂O₆,goth,2
Na₂O₂,guooyhhuoana,2
Na₂O₂,guooyhhuojoa,2
Na₂O₂,guooyhhwna,2
Na₂O₂,guooyhhroa,2
Na₂O₂,goyhhuoana,2
Na₂O₂,goyhhuojoa,2
Na₂O₂,goyhhwna,2
Na₂O₂,goyhhroa,2
H₂O₂,guooyhhuoaq;,2
H₂O₂,guooyhhwq;,2
H₂O₂,goyhhuoaq;,2
H₂O₂,goyhhwq;,2
5d²6s²,ha,2
Hf,ha,2
1s²,hl,2
He,hl,2
Na₂S₂O₃·5H₂O,hlbo,2
ZnSO₄·7H₂O,haoofj,2
ZnSO₄·7H₂O,hkfj,2
㎜,haoomi,2
㎜,hkmi,2
㎟,haoomi,2
㎟,hkmi,2
㎣,haoomi,2
㎣,hkmi,2
㏄,haooug,2
㏄,hkug,2
氦,he,5
Hs,hz,2
㎐,hezi,2
㎑,hezi,2
㎒,hezi,2
㎓,hezi,2
㎔,hezi,2
Pb₃O₄,hsdj,2
K₂Cr₂O₇,hsfjjioa,2
K₂Cr₂O₇,hsfjjw,2
Na₂Cr₂O₇,hsfjna,2
PbO,huohdj,2
PbO,hddj,2
H₂SO₄,huohqiohuv,2
H₂SO₄,huohqduv,2
H₂SO₄,hdqiohuv,2
H₂SO₄,hdqduv,2
—SO₃H,huohsuojji,2
—SO₃H,huohsrji,2
—SO₃H,hdsuojji,2
—SO₃H,hdsrji,2
CₙH₂ₙ,huojwjt;,2
CₙH₂ₙ,hrwjt;,2
℉,huoauidu,2
℉,hwuidu,2
KMnO₄,hvmgyh,2
4f¹¹6s²,huoo,2
4f¹¹6s²,ho,2
Ho,huoo,2
Ho,ho,2
NaOH,huoojioj,2
NaOH,huoojm,2
NaOH,hojioj,2
NaOH,hojm,2
4s²4p¹,jioa,2
4s²4p¹,jw,2
4s¹,jioa,2
4s¹,jw,2
Ga,jioa,2
Ga,jw,2
K,jioa,2
K,jw,2
—NHCH₃,jioaojji,2
—NHCH₃,jwojji,2
CH₃OH,jioaip,2
CH₃OH,jwip,2
CH₄O,jioaip,2
CH₄O,jwip,2
—CH₃,jioaji,2
—CH₃,jwji,2
—Me,jioaji,2
—Me,jwji,2
K₂CO₃,jioajioj,2
K₂CO₃,jioajm,2
K₂CO₃,jwjioj,2
K₂CO₃,jwjm,2
—SO₂CH₃,jioajihuohxiojji,2
—SO₂CH₃,jioajihuohxmji,2
—SO₂CH₃,jioajihdxiojji,2
—SO₂CH₃,jioajihdxmji,2
—SO₂CH₃,jwjihuohxiojji,2
—SO₂CH₃,jwjihuohxmji,2
—SO₂CH₃,jwjihdxiojji,2
—SO₂CH₃,jwjihdxmji,2
K⁺,jioalizi,2
K⁺,jwlizi,2
Cu₂(OH)₂CO₃,jiojuitjsuojts,2
Cu₂(OH)₂CO₃,jiojuitjsrts,2
Cu₂(OH)₂CO₃,jmuitjsuojts,2
Cu₂(OH)₂CO₃,jmuitjsrts,2
CH₂O,jioaquoj,2
CH₂O,jioaqr,2
CH₂O,jwquoj,2
CH₂O,jwqr,2
HCHO,jioaquoj,2
HCHO,jioaqr,2
HCHO,jwquoj,2
HCHO,jwqr,2
≜,jioare,2
≜,jwre,2
△,jioare,2
△,jwre,2
CH₂O₂,jioasuoj,2
CH₂O₂,jioasr,2
CH₂O₂,jwsuoj,2
CH₂O₂,jwsr,2
HCOOH,jioasuoj,2
HCOOH,jioasr,2
HCOOH,jwsuoj,2
HCOOH,jwsr,2
C₂H₄O₂,jioasuojjioavi,2
C₂H₄O₂,jioasuojjwvi,2
C₂H₄O₂,jioasrjioavi,2
C₂H₄O₂,jioasrjwvi,2
C₂H₄O₂,jwsuojjioavi,2
C₂H₄O₂,jwsuojjwvi,2
C₂H₄O₂,jwsrjioavi,2
C₂H₄O₂,jwsrjwvi,2
HCOOCH₃,jioasuojjioavi,2
HCOOCH₃,jioasuojjwvi,2
HCOOCH₃,jioasrjioavi,2
HCOOCH₃,jioasrjwvi,2
HCOOCH₃,jwsuojjioavi,2
HCOOCH₃,jwsuojjwvi,2
HCOOCH₃,jwsrjioavi,2
HCOOCH₃,jwsrjwvi,2
HCOONa,jioasuojna,2
HCOONa,jioasrna,2
HCOONa,jwsuojna,2
HCOONa,jwsrna,2
CH₄,jioawj,2
CH₄,jwwj,2
—COH,jioaxiojji,2
—COH,jioaxmji,2
—COH,jwxiojji,2
—COH,jwxmji,2
—OCOH,jioaxiojyhji,2
—OCOH,jioaxmyhji,2
—OCOH,jwxiojyhji,2
—OCOH,jwxmyhji,2
—OCH₃,jioayhji,2
—OCH₃,jwyhji,2
5d¹⁰6s¹,jn,2
Au,jn,2
5f⁷6d¹7s²,ju,2
Cm,ju,2
5f¹⁰7s²,kl,2
Cf,kl,2
㎈,kaluli,2
㎉,kaluli,2
3d¹4s²,kh,2
Sc,kh,2
4s²4p⁶,ke,2
Kr,ke,2
㎍,ke,2
㎎,ke,2
㎏,ke,2
g/mol ,kemzmoor,2
⇌,keni,2
KOH,kex;jioa,2
KOH,kex;jw,2
NaOH,kex;na,2
MgO,kutu,2
MgSO₄·7H₂O,kuyj,2
镧,la,5
5d⁵6s²,ll,2
Re,ll,2
5d¹6s²,lj,2
La,lj,2
CuSO₄·5H₂O,ljfj,2
4d⁸5s¹,laoo,2
4d⁸5s¹,lk,2
5f¹⁴6d¹7s²,laoo,2
5f¹⁴6d¹7s²,lk,2
Lr,laoo,2
Lr,lk,2
Rh,laoo,2
Rh,lk,2
7s²,lz,2
Ra,lz,2
2s¹,li,2
Li,li,2
Lv,li,2
锂,li,5
4d⁷5s¹,lioaoo,2
4d⁷5s¹,liok,2
4d⁷5s¹,lwoo,2
4d⁷5s¹,lc,2
Ru,lioaoo,2
Ru,liok,2
Ru,lwoo,2
Ru,lc,2
Li⁺,lilizi,2
㎝,limi,2
㎠,limi,2
㎤,limi,2
3s²3p³,ln,2
P,ln,2
H₃PO₄,lnsuoj,2
H₃PO₄,lnsr,2
KH₂PO₄,lnsuojorq;jioa,2
KH₂PO₄,lnsuojorq;jw,2
KH₂PO₄,lnsrorq;jioa,2
KH₂PO₄,lnsrorq;jw,2
3s²3p⁴,lq,2
S,lq,2
S₂,lq,2
S₈,lq,2
S₂O₃²⁻,lqdllqsuojgf,2
S₂O₃²⁻,lqdllqsuohof,2
S₂O₃²⁻,lqdllqsrgf,2
Na₂S₂O₃,lqdllqsuojna,2
Na₂S₂O₃,lqdllqsrna,2
Na₂S,lqhuoajioj,2
Na₂S,lqhuoajm,2
Na₂S,lqhwjioj,2
Na₂S,lqhwjm,2
Na₂S,lqhuoana,2
Na₂S,lqhuojoa,2
Na₂S,lqhwna,2
Na₂S,lqhroa,2
H₂S,lqhuoaq;,2
H₂S,lqhwq;,2
CuS,lqhuoats,2
CuS,lqhwts,2
S²⁻,lqlizi,2
SCN⁻,lqq;gf,2
SCN⁻,lqq;gflizi,2
KSCN,lqq;huoajioa,2
KSCN,lqq;huoajw,2
KSCN,lqq;hwjioa,2
KSCN,lqq;hwjw,2
Fe(SCN)₃,lqq;huoatioe,2
Fe(SCN)₃,lqq;huoatx,2
Fe(SCN)₃,lqq;hwtioe,2
Fe(SCN)₃,lqq;hwtx,2
H₂SO₄,lqsuoj,2
H₂SO₄,lqsr,2
(NH₄)₂SO₄,lqsuoanj,2
(NH₄)₂SO₄,lqsuojoj,2
(NH₄)₂SO₄,lqsroj,2
BaSO₄,lqsuojbz,2
BaSO₄,lqsrbz,2
CaSO₄,lqsuojgl,2
CaSO₄,lqsuohol,2
CaSO₄,lqsrgl,2
SO₄²⁻,lqsuojgf,2
SO₄²⁻,lqsuohof,2
SO₄²⁻,lqsrgf,2
K₂SO₄,lqsuojjioa,2
K₂SO₄,lqsuojjw,2
K₂SO₄,lqsrjioa,2
K₂SO₄,lqsrjw,2
Al₂(SO₄)₃,lqsuojly,2
Al₂(SO₄)₃,lqsrly,2
KAl(SO₄)₂,lqsuojlyjioa,2
KAl(SO₄)₂,lqsuojlyjw,2
KAl(SO₄)₂,lqsrlyjioa,2
KAl(SO₄)₂,lqsrlyjw,2
KAl(SO₄)₂·12H₂O,lqsuojlyjioa,2
KAl(SO₄)₂·12H₂O,lqsuojlyjw,2
KAl(SO₄)₂·12H₂O,lqsrlyjioa,2
KAl(SO₄)₂·12H₂O,lqsrlyjw,2
MgSO₄,lqsuojmz,2
MgSO₄,lqsrmz,2
Na₂SO₄,lqsuojna,2
Na₂SO₄,lqsrna,2
KHSO₄,lqsuojq;jioa,2
KHSO₄,lqsuojq;jw,2
KHSO₄,lqsrq;jioa,2
KHSO₄,lqsrq;jw,2
NaHSO₄,lqsuojq;na,2
NaHSO₄,lqsrq;na,2
Fe₂ (SO₄)₃,lqsuojtioe,2
Fe₂ (SO₄)₃,lqsuojtx,2
Fe₂ (SO₄)₃,lqsrtioe,2
Fe₂ (SO₄)₃,lqsrtx,2
CuSO₄,lqsuojts,2
CuSO₄,lqsrts,2
CuSO₄·5H₂O,lqsuojts,2
CuSO₄·5H₂O,lqsrts,2
—OSO₂O—,lqsuojxioj,2
—OSO₂O—,lqsuojxm,2
—OSO₂O—,lqsrxioj,2
—OSO₂O—,lqsrxm,2
FeSO₄,lqsuojyatioe,2
FeSO₄,lqsuojyatx,2
FeSO₄,lqsryatioe,2
FeSO₄,lqsryatx,2
FeSO₄·7H₂O,lqsuojyatioe,2
FeSO₄·7H₂O,lqsuojyatx,2
FeSO₄·7H₂O,lqsryatioe,2
FeSO₄·7H₂O,lqsryatx,2
—SO₂—,lqxioj,2
—SO₂—,lqxm,2
4f¹⁴5d¹6s²,lu,2
6d²7s²,lu,2
Lu,lu,2
Rf,lu,2
镥,lu,5
Rg,lp,2
3s²3p¹,ly,2
3s²3p⁵,ly,2
Al,ly,2
Cl,ly,2
Cl₂,ly,2
FeSO₄·7H₂O,lyfj,2
CHCl₃,lyfh,2
BaCl₂,lyhuoabz,2
BaCl₂,lyhwbz,2
CaCl₂,lyhuoagl,2
CaCl₂,lyhwgl,2
KCl,lyhuoajioa,2
KCl,lyhuoajw,2
KCl,lyhwjioa,2
KCl,lyhwjw,2
AlCl₃,lyhuoaly,2
AlCl₃,lyhwly,2
MgCl₂,lyhuoamz,2
MgCl₂,lyhwmz,2
NaCl,lyhuoana,2
NaCl,lyhuojoa,2
NaCl,lyhwna,2
NaCl,lyhroa,2
HCl,lyhuoaq;,2
HCl,lyhwq;,2
FeCl₃,lyhuoatioe,2
FeCl₃,lyhuoatx,2
FeCl₃,lyhwtioe,2
FeCl₃,lyhwtx,2
CuCl₂,lyhuoats,2
CuCl₂,lyhwts,2
ZnCl₂,lyhuoaxn,2
ZnCl₂,lyhwxn,2
FeCl₂,lyhuoayatioe,2
FeCl₂,lyhuoayatx,2
FeCl₂,lyhwyatioe,2
FeCl₂,lyhwyatx,2
AgCl,lyhuoayn,2
AgCl,lyhwyn,2
—Cl,lyji,2
Al³⁺,lylizi,3
Cl⁻,lylizi,2
Cl₂,lyqi,2
NH₄Cl,lyua,2
KClO₃,lysuojjioa,2
KClO₃,lysuojjw,2
KClO₃,lysrjioa,2
KClO₃,lysrjw,2
C₂H₅Cl,lyyiwj,2
Mt,ml,2
C₁₂H₂₂O₁₁,mlyath,2
Na₂SO₄·10H₂O,mhxioaoo,2
Na₂SO₄·10H₂O,mhxiok,2
Na₂SO₄·10H₂O,mhxwoo,2
Na₂SO₄·10H₂O,mhxc,2
3s²,mz,2
5f⁷7s²,mz,2
Am,mz,2
Mg,mz,2
Mg²⁺,mzlizi,2
5f¹³7s²,mf,2
Md,mf,2
3d⁵4s²,mg,2
Mn,mg,2
Mn²⁺,mglizi,2
K₂MnO₄,mgsuojjioa,2
K₂MnO₄,mgsuojjw,2
K₂MnO₄,mgsrjioa,2
K₂MnO₄,mgsrjw,2
㎡,mi,2
㎥,mi,2
㎰,mioaoo,2
㎰,miok,2
㎰,mc,2
㎱,mioaoo,2
㎱,miok,2
㎱,mc,2
㎲,mioaoo,2
㎲,miok,2
㎲,mc,2
㎳,mioaoo,2
㎳,miok,2
㎳,mc,2
㏕,mior,2
—O—,mijioj,2
—O—,mijm,2
KAl(SO₄)₂·12H₂O,m;fj,2
PbO,mituoosg,2
PbO,mitosg,2
Mc,mo,2
钼,mo,5
㏖,moor,2
mol/L ,moormzug,2
mol·L⁻¹·s⁻¹,moormzugmzmioaoo,2
mol·L⁻¹·s⁻¹,moormzugmzmiok,2
mol·L⁻¹·s⁻¹,moormzugmzmc,2
8.3144621 J/(mol·K),moorqitiihlioh,2
8.3144621 J/(mol·K),moorqitiihld,2
FeSO₄·(NH₄)₂SO₄·6H₂O,mooryj,2
4d⁵5s¹,mu,2
Mo,mu,2
3s¹,na,2
5f⁴6d¹7s²,na,2
Na,na,2
Np,na,2
钠,na,5
2s²2p⁶,nl,2
304,nl,3
Na—I,nl,3
Ne,nl,2
Na⁺,nalizi,2
㎚,nami,2
氖,ne,5
4d⁴5s¹,ni,2
Nb,ni,2
Nh,ni,2
镊,ni,5
CO(NH₂)₂,nioaoosu,2
CO(NH₂)₂,nioksu,2
CO(NH₂)₂,ncsu,2
3d⁸4s²,nioe,2
3d⁸4s²,nx,2
Ni,nioe,2
Ni,nx,2
5f¹⁴7s²,nuoo,2
5f¹⁴7s²,no,2
No,nuoo,2
No,no,2
4f⁴6s²,ny,2
Nd,ny,2
氧,oo,5
146,oooo,3
498,oooo,3
O—O,oooo,3
O═O,oooo,3
Ω,obmu,2
㏀,obmu,2
㏁,obmu,2
镤,pa,5
Na₂SiO₃,paoohuoajioj,2
Na₂SiO₃,paoohuoajm,2
Na₂SiO₃,paoohwjioj,2
Na₂SiO₃,paoohwjm,2
Na₂SiO₃,pkhuoajioj,2
Na₂SiO₃,pkhuoajm,2
Na₂SiO₃,pkhwjioj,2
Na₂SiO₃,pkhwjm,2
㎩,pasika,2
㎪,pasika,2
㎫,pasika,2
㎬,pasika,2
5f⁹7s²,pz,2
Bk,pz,2
2s²2p¹,pg,2
B,pg,2
Na₂B₄O₇·10H₂O,pgua,2
H₃BO₃,pgsuoj,2
H₃BO₃,pgsr,2
2s²,pi,2
Be,pi,2
[(CH₃)₂NNH₂],piojorjioaj;,2
[(CH₃)₂NNH₂],piojorjwj;,2
[(CH₃)₂NNH₂],pmorjioaj;,2
[(CH₃)₂NNH₂],pmorjwj;,2
AlO₂⁻,piojlysuojgf,2
AlO₂⁻,piojlysuohof,2
AlO₂⁻,piojlysrgf,2
AlO₂⁻,pmlysuojgf,2
AlO₂⁻,pmlysuohof,2
AlO₂⁻,pmlysrgf,2
NaAlO₂,piojlysuojna,2
NaAlO₂,piojlysrna,2
NaAlO₂,pmlysuojna,2
NaAlO₂,pmlysrna,2
As₂O₃,piuuoh,2
As₂O₃,piud,2
Na₂SO₄·10H₂O,pixioaoo,2
Na₂SO₄·10H₂O,pixiok,2
Na₂SO₄·10H₂O,pixwoo,2
Na₂SO₄·10H₂O,pixc,2
410,po,3
4f⁵6s²,po,2
6s²6p⁴,po,2
Pm,po,2
Po,po,2
P—O,po,3
P═O,po,3
钋,po,5
4f³6s²,pu,2
5f²6d¹7s²,pu,2
Pa,pu,2
Pr,pu,2
钚,pu,5
6.62607015×10⁻³⁴J·s,pulhkeihuu,2
C₆H₁₂O₆,putaooth,2
C₆H₁₂O₆,putkth,2
6s²6p²,qioj,2
6s²6p²,qm,2
Pb,qioj,2
Pb,qm,2
Pb₃O₄,qiojdj,2
Pb₃O₄,qmdj,2
‰,qiojffvi,2
‰,qmffvi,2
—OH,qiohji,2
—OH,qdji,2
kJ/mol,qiojjioaoomzmo,2
kJ/mol,qiojjiokmzmo,2
kJ/mol,qiojjwoomzmo,2
kJ/mol,qiojjcmzmo,2
kJ/mol,qmjioaoomzmo,2
kJ/mol,qmjiokmzmo,2
kJ/mol,qmjwoomzmo,2
kJ/mol,qmjcmzmo,2
㎞,qiojmi,2
㎞,qmmi,2
㎢,qiojmi,2
㎢,qmmi,2
㎦,qiojmi,2
㎦,qmmi,2
1s¹,q;,2
H,q;,2
H₂,q;,2
HI,q;diojsuoj,2
HI,q;diojsr,2
HI,q;dmsuoj,2
HI,q;dmsr,2
HF,q;fusuoj,2
HF,q;fusr,2
CN⁻,q;gf,2
—H,q;ji,2
H⁺,q;lizi,2
H₂,q;qi,2
HCN,q;q;suoj,2
HCN,q;q;sr,2
HBr,q;xqsuoj,2
HBr,q;xqsr,2
OH⁻,q;yhgf,2
Ba(OH)₂,q;yhhuoabz,2
Ba(OH)₂,q;yhhwbz,2
Ca(OH)₂,q;yhhuoagl,2
Ca(OH)₂,q;yhhwgl,2
Al(OH)₃,q;yhhuoaly,2
Al(OH)₃,q;yhhwly,2
Mg(OH)₂,q;yhhuoamz,2
Mg(OH)₂,q;yhhwmz,2
NaOH,q;yhhuoana,2
NaOH,q;yhhuojoa,2
NaOH,q;yhhwna,2
NaOH,q;yhhroa,2
Fe(OH)₃,q;yhhuoatioe,2
Fe(OH)₃,q;yhhuoatx,2
Fe(OH)₃,q;yhhwtioe,2
Fe(OH)₃,q;yhhwtx,2
Cu(OH)₂,q;yhhuoats,2
Cu(OH)₂,q;yhhwts,2
Zn(OH)₂,q;yhhuoaxn,2
Zn(OH)₂,q;yhhwxn,2
MnO(OH),q;yhhuoayhmg,2
MnO(OH),q;yhhwyhmg,2
Fe(OH)₂,q;yhhuoayatioe,2
Fe(OH)₂,q;yhhuoayatx,2
Fe(OH)₂,q;yhhwyatioe,2
Fe(OH)₂,q;yhhwyatx,2
↑,qiti,2
—SH,qqji,2
Mn₂O₇,qiyhhuoaormg,2
Mn₂O₇,qiyhhwormg,2
CₙH₂ₙ₊₁CHO,quoj,2
CₙH₂ₙ₊₁CHO,qr,2
CₙH₂ₙ₋₂,quoet;,2
CₙH₂ₙ₋₂,qtt;,2
铼,re,5
5s¹,ru,2
Rb,ru,2
钌,ru,5
C₁₂H₂₂O₁₁,ruth,2
≡,sjjioj,2
≡,sjjm,2
CHCl₃,sjlyjioawj,2
CHCl₃,sjlyjwwj,2
Cr₂O₃,sjyhhuoaorge,2
Cr₂O₃,sjyhhworge,2
Fe₂O₃,sjyhhuoaortioe,2
Fe₂O₃,sjyhhuoaortx,2
Fe₂O₃,sjyhhwortioe,2
Fe₂O₃,sjyhhwortx,2
SO₃,sjyhhuoalq,2
SO₃,sjyhhwlq,2
WO₃,sjyhhuoawu,2
WO₃,sjyhhwwu,2
6s¹,se,2
Cs,se,2
硒,se,5
Se—Se,sese,3
4f⁶6s²,uj,2
Sm,uj,2
NaCN,uanl,2
NaCN,ujol,2
NaCN,ujnl,2
NaOH,uaoojioj,2
NaOH,uaoojm,2
NaOH,ukjioj,2
NaOH,ukjm,2
4s²4p³,uf,2
As,uf,2
→,ugig,3
═══,ugig,2
HgCl₂,uggs,2
L/mol,ugmzmoor,2
℃,ueuidu,2
4f¹5d¹6s²,ui,2
Ce,ui,2
CaSO₄·2H₂O,uigaoo,2
CaSO₄·2H₂O,uigk,2
SiO₂,uiy;,2
=,uuohjioj,2
=,uuohjm,2
=,udjioj,2
=,udjm,2
H₂O₂,uuohyhuv,2
H₂O₂,udyhuv,2
—Bu—t,uud;ji,2
—C(CH₃)₃,uud;ji,2
—COOC(CH₃)₃,uud;yhthji,2
H₂O,uv,2
Na₂SiO₃,uvboli,2
Ca(OH)₂,uuuihv,2
5s²,si,2
Sr,si,2
硅,si,5
[Cu(NH₃)₄]²⁺,siojhetslizi,2
CCl₄,silyhuoatj,2
CCl₄,silyhwtj,2
CCl₄,silyjioawj,2
CCl₄,silyjwwj,2
460,sioo,3
Si—O,sioo,3
[Al(OH)₄]⁻,siqiohjihelysuojgf,2
[Al(OH)₄]⁻,siqiohjihelysuohof,2
[Al(OH)₄]⁻,siqiohjihelysrgf,2
[Al(OH)₄]⁻,siqdjihelysuojgf,2
[Al(OH)₄]⁻,siqdjihelysuohof,2
[Al(OH)₄]⁻,siqdjihelysrgf,2
[B(OH)₄]⁻,siqiohjihepgsuojgf,2
[B(OH)₄]⁻,siqiohjihepgsuohof,2
[B(OH)₄]⁻,siqiohjihepgsrgf,2
[B(OH)₄]⁻,siqdjihepgsuojgf,2
[B(OH)₄]⁻,siqdjihepgsuohof,2
[B(OH)₄]⁻,siqdjihepgsrgf,2
176,sisi,3
Si—Si,sisi,3
N₂O₄,siyhhuoaordj,2
N₂O₄,siyhhwordj,2
Fe₃O₄,siyhhuoasjtioe,2
Fe₃O₄,siyhhuoasjtx,2
Fe₃O₄,siyhhwsjtioe,2
Fe₃O₄,siyhhwsjtx,2
Na₂CO₃,suda,2
—COOH,suooji,2
—COOH,soji,2
CₙH₂ₙ₊₁COOH,suoosuoj,2
CₙH₂ₙ₊₁COOH,suoosr,2
CₙH₂ₙ₊₁COOH,sosuoj,2
CₙH₂ₙ₊₁COOH,sosr,2
6s²6p¹,ta,2
Tl,ta,2
钽,ta,5
3d²4s²,tl,2
Ti,tl,2
TiO₂,tlbl,2
—NH—CO—,tljioj,2
—NH—CO—,tljm,2
2s²2p²,tj,2
5d³6s²,tj,2
C,tj,2
Ta,tj,2
—CO—,thji,2
CaC₂,tjhuoagl,2
CaC₂,tjhwgl,2
H₂CO₃,tjsuoj,2
H₂CO₃,tjsr,2
CaCO₃,tjsuojgl,2
CaCO₃,tjsuohol,2
CaCO₃,tjsrgl,2
CO₃²⁻,tjsuojgf,2
CO₃²⁻,tjsuohof,2
CO₃²⁻,tjsrgf,2
K₂CO₃,tjsuojjioa,2
K₂CO₃,tjsuojjw,2
K₂CO₃,tjsrjioa,2
K₂CO₃,tjsrjw,2
MgCO₃,tjsuojmz,2
MgCO₃,tjsrmz,2
Na₂CO₃,tjsuojna,2
Na₂CO₃,tjsrna,2
NH₄HCO₃,tjsuojqngj,2
NH₄HCO₃,tjsuojq;oj,2
NH₄HCO₃,tjsrqngj,2
NH₄HCO₃,tjsrq;oj,2
HCO₃⁻,tjsuojq;gf,2
HCO₃⁻,tjsrq;gf,2
NaHCO₃,tjsuojq;na,2
NaHCO₃,tjsrq;na,2
Ag₂CO₃,tjsuojyn,2
Ag₂CO₃,tjsryn,2
4f⁹6s²,te,2
Tb,te,2
碲,te,5
5s²5p³,ti,2
Sb,ti,2
钛,ti,5
铊,ti,5
Ts,tioj,2
Ts,tm,2
SrSO₄,tiojq;ui,2
SrSO₄,tmq;ui,2
3d⁶4s²,tioe,2
3d⁶4s²,tx,2
Fe,tioe,2
Fe,tx,2
FeSO₄·7H₂O,tioefj,2
FeSO₄·7H₂O,txfj,2
Fe³⁺,tioelizi,2
Fe³⁺,txlizi,2
[Fe(CN)₆]³⁻,tioeq;gf,2
[Fe(CN)₆]³⁻,txq;gf,2
[Fe(CN)₆]³⁻,tioeq;gflizi,2
[Fe(CN)₆]³⁻,txq;gflizi,2
K₃[Fe(CN)₆],tioeq;huoajioa,2
K₃[Fe(CN)₆],tioeq;huoajw,2
K₃[Fe(CN)₆],tioeq;hwjioa,2
K₃[Fe(CN)₆],tioeq;hwjw,2
K₃[Fe(CN)₆],txq;huoajioa,2
K₃[Fe(CN)₆],txq;huoajw,2
K₃[Fe(CN)₆],txq;hwjioa,2
K₃[Fe(CN)₆],txq;hwjw,2
Fe₃[Fe(CN)₆]₂,tioeq;huoayatioe,2
Fe₃[Fe(CN)₆]₂,tioeq;huoayatx,2
Fe₃[Fe(CN)₆]₂,tioeq;hwyatioe,2
Fe₃[Fe(CN)₆]₂,tioeq;hwyatx,2
Fe₃[Fe(CN)₆]₂,txq;huoayatioe,2
Fe₃[Fe(CN)₆]₂,txq;huoayatx,2
Fe₃[Fe(CN)₆]₂,txq;hwyatioe,2
Fe₃[Fe(CN)₆]₂,txq;hwyatx,2
3d¹⁰4s¹,ts,2
Cu,ts,2
Cu²⁺,tslizi,2
6d²7s²,tu,2
Th,tu,2
—R,wjji,2
CₙH₂ₙ₊₂,wjt;,2
㎺,wate,2
㎻,wate,2
㎼,wate,2
㎽,wate,2
㎾,wate,2
㎿,wate,2
㎛,wzmi,2
5d⁴6s²,wu,2
W,wu,2
V₂O₅,wuyhhuoaorfj,2
V₂O₅,wuyhhworfj,2
P₂O₅,wuyhhuoaorln,2
P₂O₅,wuyhhworln,2
4s²4p⁴,xi,2
5s²5p²,xi,2
Se,xi,2
Sg,xi,2
Sn,xi,2
锡,xi,5
5s²5p⁶,xioj,2
5s²5p⁶,xm,2
Xe,xioj,2
Xe,xm,2
C₁₂H₂₂O₁₁,xiojwzorth,2
C₁₂H₂₂O₁₁,xmwzorth,2
(C₆H₁₀O₅)ₙ,xiojwzsu,2
(C₆H₁₀O₅)ₙ,xmwzsu,2
—NO₂,xioaooji,2
—NO₂,xiokji,2
—NO₂,xwooji,2
—NO₂,xcji,2
Ca(OH)₂,xioaoouihv,2
Ca(OH)₂,xiokuihv,2
Ca(OH)₂,xwoouihv,2
Ca(OH)₂,xcuihv,2
HNO₃,xioaoosuoj,2
HNO₃,xioaoosr,2
HNO₃,xioksuoj,2
HNO₃,xioksr,2
HNO₃,xwoosuoj,2
HNO₃,xwoosr,2
HNO₃,xcsuoj,2
HNO₃,xcsr,2
NH₄NO₃,xioaoosuoanj,2
NH₄NO₃,xioaoosuojoj,2
NH₄NO₃,xioaoosroj,2
NH₄NO₃,xioksuoanj,2
NH₄NO₃,xioksuojoj,2
NH₄NO₃,xioksroj,2
NH₄NO₃,xwoosuoanj,2
NH₄NO₃,xwoosuojoj,2
NH₄NO₃,xwoosroj,2
NH₄NO₃,xcsuoanj,2
NH₄NO₃,xcsuojoj,2
NH₄NO₃,xcsroj,2
Ca(NO₃)₂,xioaoosuojgl,2
Ca(NO₃)₂,xioaoosuohol,2
Ca(NO₃)₂,xioaoosrgl,2
Ca(NO₃)₂,xioksuojgl,2
Ca(NO₃)₂,xioksuohol,2
Ca(NO₃)₂,xioksrgl,2
Ca(NO₃)₂,xwoosuojgl,2
Ca(NO₃)₂,xwoosuohol,2
Ca(NO₃)₂,xwoosrgl,2
Ca(NO₃)₂,xcsuojgl,2
Ca(NO₃)₂,xcsuohol,2
Ca(NO₃)₂,xcsrgl,2
NO₃⁻,xioaoosuojgf,2
NO₃⁻,xioaoosuohof,2
NO₃⁻,xioaoosrgf,2
NO₃⁻,xioksuojgf,2
NO₃⁻,xioksuohof,2
NO₃⁻,xioksrgf,2
NO₃⁻,xwoosuojgf,2
NO₃⁻,xwoosuohof,2
NO₃⁻,xwoosrgf,2
NO₃⁻,xcsuojgf,2
NO₃⁻,xcsuohof,2
NO₃⁻,xcsrgf,2
KNO₃,xioaoosuojjioa,2
KNO₃,xioaoosuojjw,2
KNO₃,xioaoosrjioa,2
KNO₃,xioaoosrjw,2
KNO₃,xioksuojjioa,2
KNO₃,xioksuojjw,2
KNO₃,xioksrjioa,2
KNO₃,xioksrjw,2
KNO₃,xwoosuojjioa,2
KNO₃,xwoosuojjw,2
KNO₃,xwoosrjioa,2
KNO₃,xwoosrjw,2
KNO₃,xcsuojjioa,2
KNO₃,xcsuojjw,2
KNO₃,xcsrjioa,2
KNO₃,xcsrjw,2
Mg(NO₃)₂,xioaoosuojmz,2
Mg(NO₃)₂,xioaoosrmz,2
Mg(NO₃)₂,xioksuojmz,2
Mg(NO₃)₂,xioksrmz,2
Mg(NO₃)₂,xwoosuojmz,2
Mg(NO₃)₂,xwoosrmz,2
Mg(NO₃)₂,xcsuojmz,2
Mg(NO₃)₂,xcsrmz,2
Cu(NO₃)₂,xioaoosuojts,2
Cu(NO₃)₂,xioaoosrts,2
Cu(NO₃)₂,xioksuojts,2
Cu(NO₃)₂,xioksrts,2
Cu(NO₃)₂,xwoosuojts,2
Cu(NO₃)₂,xwoosrts,2
Cu(NO₃)₂,xcsuojts,2
Cu(NO₃)₂,xcsrts,2
AgNO₃,xioaoosuojyn,2
AgNO₃,xioaoosryn,2
AgNO₃,xioksuojyn,2
AgNO₃,xioksryn,2
AgNO₃,xwoosuojyn,2
AgNO₃,xwoosryn,2
AgNO₃,xcsuojyn,2
AgNO₃,xcsryn,2
NaHCO₃,xioaoosuda,2
NaHCO₃,xioksuda,2
NaHCO₃,xwoosuda,2
NaHCO₃,xcsuda,2
—NO₂,xioaooxioj,2
—NO₂,xioaooxm,2
—NO₂,xiokxioj,2
—NO₂,xiokxm,2
—NO₂,xwooxioj,2
—NO₂,xwooxm,2
—NO₂,xcxioj,2
—NO₂,xcxm,2
—CH₂—CH=CH₂,xib;ji,2
MgSO₄·7H₂O,xioeyj,2
MgSO₄·7H₂O,xxyj,2
3d¹⁰4s²,xn,2
Zn,xn,2
ZnO,xnbl,2
Zn²⁺,xnlizi,2
CₙH₂ₙ,xit;,2
4s²4p⁵,xq,2
Br,xq,2
Br₂,xq,2
HBr,xqhuoaq;,2
HBr,xqhwq;,2
—Br,xqji,2
Br⁻,xqlizi,2
CH₃CH₂Br,xqyiwj,2
㏜,xiwote,2
3s²3p⁶ ,ya,2
Ar,ya,2
Hg⁺,yagslizi,2
H₃PO₃,yalnsuoj,2
H₃PO₃,yalnsr,2
H₂SO₃,yalqsuoj,2
H₂SO₃,yalqsr,2
SO₃²⁻,yalqsuojgf,2
SO₃²⁻,yalqsuohof,2
SO₃²⁻,yalqsrgf,2
K₂SO₃,yalqsuojjioa,2
K₂SO₃,yalqsuojjw,2
K₂SO₃,yalqsrjioa,2
K₂SO₃,yalqsrjw,2
Na₂SO₃,yalqsuojna,2
Na₂SO₃,yalqsrna,2
HSO₃⁻,yalqsuojq;gf,2
HSO₃⁻,yalqsrq;gf,2
NaHSO₃,yalqsuojq;na,2
NaHSO₃,yalqsrq;na,2
2s²2p⁴,yh,2
O,yh,2
O₂,yh,2
BaO,yhhuoabz,2
BaO,yhhwbz,2
V₂O₅,yhhuoafj,2
V₂O₅,yhhwfj,2
CaO,yhhuoagl,2
CaO,yhhwgl,2
Cr₂O₃,yhhuoage,2
Cr₂O₃,yhhwge,2
Al₂O₃,yhhuoaly,2
Al₂O₃,yhhwly,2
MgO,yhhuoamz,2
MgO,yhhwmz,2
Na₂O,yhhuoana,2
Na₂O,yhhuojoa,2
Na₂O,yhhwna,2
Na₂O,yhhroa,2
PbO,yhhuoaqioj,2
PbO,yhhuoaqm,2
PbO,yhhwqioj,2
PbO,yhhwqm,2
FeO,yhhuoatioe,2
FeO,yhhuoatx,2
FeO,yhhwtioe,2
FeO,yhhwtx,2
Fe₂O₃,yhhuoatioe,2
Fe₂O₃,yhhuoatx,2
Fe₂O₃,yhhwtioe,2
Fe₂O₃,yhhwtx,2
Fe₃O₄,yhhuoatioe,2
Fe₃O₄,yhhuoatx,2
Fe₃O₄,yhhwtioe,2
Fe₃O₄,yhhwtx,2
CuO,yhhuoats,2
CuO,yhhwts,2
FeO,yhhuoayatioe,2
FeO,yhhuoayatx,2
FeO,yhhwyatioe,2
FeO,yhhwyatx,2
Cu₂O,yhhuoayats,2
Cu₂O,yhhwyats,2
Ag₂O,yhhuoayn,2
Ag₂O,yhhwyn,2
O²⁻,yhlizi,2
O₂,yhqi,2
HCl,yjsuoj,2
HCl,yjsr,2
Fe²⁺,yatioelizi,2
Fe²⁺,yatxlizi,2
Cu⁺,yatslizi,2
—NO,yaxioaooji,2
—NO,yaxiokji,2
—NO,yaxwooji,2
—NO,yaxcji,2
NaNO₂,yaxioaoosuojna,2
NaNO₂,yaxioaoosrna,2
NaNO₂,yaxioksuojna,2
NaNO₂,yaxioksrna,2
NaNO₂,yaxwoosuojna,2
NaNO₂,yaxwoosrna,2
NaNO₂,yaxcsuojna,2
NaNO₂,yaxcsrna,2
—NO,yaxioaooxioj,2
—NO,yaxioaooxm,2
—NO,yaxiokxioj,2
—NO,yaxiokxm,2
—NO,yaxwooxioj,2
—NO,yaxwooxm,2
—NO,yaxcxioj,2
—NO,yaxcxm,2
4d¹5s²,yi,2
4f¹⁴6s²,yi,2
5d⁷6s²,yi,2
Ir,yi,2
Y,yi,2
Yb,yi,2
—CH(CH₃)₂,yib;ji,2
—Pr—i,yib;ji,2
—H₂C=C(CH₃)C—,yib;xiji,2
CH₃CH₂OH,yiip,2
C₂H₅OH,yiip,2
C₂H₆O,yiip,2
CH₃CH₂ONa,yiipna,2
HOCH₂COOH,yiipsuoj,2
HOCH₂COOH,yiipsr,2
H₂NCH₂CH₂NH₂,yioerj,2
H₂NCH₂CH₂NH₂,yioroj,2
HOCH₂CH₂OH,yiorip,2
COOH—COOH,yiorsuoj,2
COOH—COOH,yiorsr,2
H₂C₂O₄,yiorsuoj,2
H₂C₂O₄,yiorsr,2
—C₂H₅,yiji,2
—Et,yiji,2
CH₃Cl,yilyjioawj,2
CH₃Cl,yilyjwwj,2
4d¹⁰5s¹,yn,2
5s²5p¹,yn,2
Ag,yn,2
In,yn,2
CaF₂,y;ui,2
6.67384×10⁻¹¹m³/(kg·s²),ynliihlioh,2
6.67384×10⁻¹¹m³/(kg·s²),ynliihld,2
Ag⁺,ynlizi,2
HgS,ynvu,2
CH₃CHO,yiquoj,2
CH₃CHO,yiqr,2
C₂H₄O,yiquoj,2
C₂H₄O,yiqr,2
CH≡CH,yiquoe,2
CH≡CH,yiqt,2
C₂H₂,yiquoe,2
C₂H₂,yiqt,2
—C≡CH,yiquoeji,2
—C≡CH,yiqtji,2
NH₃·H₂O,yiuvheoj,2
CH₃COOH,yisuoj,2
CH₃COOH,yisr,2
CH₃COONa,yisuojna,2
CH₃COONa,yisrna,2
CH₃COOCH₂CH₃,yisuojyivi,2
CH₃COOCH₂CH₃,yisryivi,2
C₄H₈O₂,yisuojyivi,2
C₄H₈O₂,yisryivi,2
CH₃CH₃,yiwj,2
C₂H₆,yiwj,2
CH₂=CH₂,yixi,2
C₂H₄,yixi,2
—NHCOCH₃,yixioanjji,2
—NHCOCH₃,yixiojojji,2
—NHCOCH₃,yixwnjji,2
—NHCOCH₃,yixmojji,2
—Ac,yixiojji,2
—Ac,yixmji,2
—COCH₃,yixiojji,2
—COCH₃,yixmji,2
—OCOCH₃,yixiojyhji,2
—OCOCH₃,yixmyhji,2
—CH=CH₂,yixiji,2
NO,yiyhhuoadj,2
NO,yiyhhwdj,2
CO,yiyhhuoatj,2
CO,yiyhhwtj,2
CₙH₂ₙ₊₁OH,yiyuojip,2
CₙH₂ₙ₊₁OH,yiyrip,2
CₙH₂ₙ₊₁X,yiyuojludlt;,2
CₙH₂ₙ₊₁X,yiyrludlt;,2
4f⁷6s²,yb,2
5f³6d¹7s²,yb,2
Eu,yb,2
U,yb,2
Na₂SO₄·10H₂O,yuojm;ff,2
Na₂SO₄·10H₂O,yrm;ff,2
4s²4p²,ve,2
Ge,ve,2
—CH₂CH₂CH₃,vgb;ji,2
—Bu—n,vgd;ji,2
C₁₂H₂₂O₁₁,veth,2
CₙH₂ₙ₊₁COOCₘH₂ₘ₊₁,vi,2
—COOR,viji,2
NaNO₃,vilixioaooui,2
NaNO₃,vilixiokui,2
NaNO₃,vilixwooui,2
NaNO₃,vilixcui,2
NaHCO₃,vsjioj,2
NaHCO₃,vsjm,2
BaSO₄,vsj;ui,2
BaO,vstu,2
K₂CO₃,vuhv,2
HgS,vuua,2
㎅,zijioe,2
㎅,zijx,2
㎆,zijioe,2
㎆,zijx,2
㎇,zijioe,2
㎇,zijx,2
