关键词,拆成关键词的关键句,来源句数量
耍起,,0
松针大油边,,0
我了叹,,0
闹吃VS古振兴,,0
大葱哥,,0
舍命陪君子,,0
我是爷们,,0
老叟戏顽童,,0
胆子真是肥嘟嘟的,,0
胆子,胆子真是肥嘟嘟的,1
肥嘟嘟,胆子真是肥嘟嘟的,1
突然出现的章鱼哥的美妙音乐,,0
突然出现,突然出现在主页的某吧；突然出现的章鱼哥的美妙音乐,2
章鱼哥,突然出现的章鱼哥的美妙音乐,1
美妙音乐,突然出现的章鱼哥的美妙音乐,1
隔壁班转来了个XX,,0
隔壁,隔壁班转来了个XX,1
转来,隔壁班转来了个XX,1
牛来,,0
野生狗奶,,0
熊大回眸,,0
长月老贼,,0
胡迪渲染大赛,,0
渲染,胡迪渲染大赛,1
大赛,胡迪渲染大赛,1
直到XX变成XX,,0
不X你们X什么,,0
你那双眼睛究竟看到多远,,0
双眼,你那双眼睛究竟看到多远,1
究竟,你那双眼睛究竟看到多远；网上流传的v3表情包“你妈的为什么”究竟是真是假；香港究竟有几个区,3
多远,你那双眼睛究竟看到多远,1
正太扭腰,,0
霸之意志,,0
你会XXX吗,,0
许愿柳,,0
东北单兵口粮,,0
东北,东北单兵口粮,1
单兵,东北单兵口粮,1
口粮,东北单兵口粮,1
六人定律,,0
中国人能飞,,0
枪如人人如枪,,0
如人,枪如人人如枪,1
大阪和摄政王,,0
大阪,大阪和摄政王,1
摄政王,大阪和摄政王,1
成吉思鸡,,0
初音未来监护权杯,,0
初音未来,初音未来监护权杯,1
监护权,初音未来监护权杯,1
双子木马,,0
宗主第二招,,0
AVGN舞,,0
干瘪瘪的芝士球,,0
干瘪瘪,干瘪瘪的芝士球,1
芝士,两面包夹芝士；干瘪瘪的芝士球,2
旱厕蜗牛,,0
我简直就是佐助本人,,0
佐助,我简直就是佐助本人,1
本人,我简直就是佐助本人；蒂法本人在B站？她和耶路撒冷之间有,2
OMG你吓到我了,,0
大狗叫,,0
omg你吓到我了,,0
佛得角门神,,0
蛤蟆电音,,0
睾酮打到XX上了,,0
睾酮,睾酮打到XX上了,1
走个面儿,,0
被生活磨平了妙脆角,,0
生活,被生活磨平了妙脆角,1
磨平,被生活磨平了妙脆角,1
爹系男友,,0
我只是在做自己的事情,,0
只是在,我只是在做自己的事情,1
做自己,我只是在做自己的事情,1
事情,我只是在做自己的事情,1
哈兰德吃人,,0
超级变色龙,,0
你是龙子你是虾子,,0
龙子,你是龙子你是虾子,1
虾子,你是龙子你是虾子,1
眩晕板大学,,0
青蛙教练,,0
严肃脸,,0
看左边看左边,,0
左边,看左边看左边,1
香港究竟有几个区,,0
香港,香港究竟有几个区,1
鹅腿阿姨,,0
肉肉肉,,0
PixPix,,0
萨尔下,,0
中头奖,,0
为高考静音,,0
高考当天免费XX,,0
高考,高考当天免费XX；高考战神皮肤；高考段子大赏；高考电子陪考人,4
当天,高考当天免费XX,1
免费,张嘴喝雨？免费素材细化？近期外网改图梗大盘点；高考当天免费XX,2
月薪喵,,0
pixpix,,0
XX的实力并不强,,0
实力,XX的实力并不强,1
来杯好茶摇一摇,,0
来杯,来杯好茶摇一摇,1
好茶,来杯好茶摇一摇,1
摇一摇,来杯好茶摇一摇,1
星光坏事做尽,,0
星光,外网黑星光都成梗了？！ 黑袍纠察队梗太多啦；星光坏事做尽,2
坏事做尽,星光坏事做尽,1
幼年形态已经很完美了,,0
幼年,幼年形态已经很完美了,1
形态,幼年形态已经很完美了；我将以高达形态出击,2
已经很,幼年形态已经很完美了,1
完美,幼年形态已经很完美了,1
不舒服文学,,0
高考战神皮肤,,0
战神,无敌战神＞婆罗门；高考战神皮肤,2
皮肤,原神哥喜提冠军皮肤？为什么他会选择崩坏3里的爱莉希雅呢；高考战神皮肤,2
百万英镑,,0
你喝过特么百事可乐吗,,0
喝过,你喝过特么百事可乐吗,1
特么,你喝过特么百事可乐吗,1
百事可乐,你喝过特么百事可乐吗,1
这得花不少钱,,0
花不少钱,这得花不少钱,1
我真求你了,,0
爆缸笑脸,,0
误闯天嘉,,0
调查兵团,,0
选择大于努力,,0
选择,选择大于努力,1
大于,选择大于努力,1
努力,选择大于努力,1
公厕文学,,0
中奖概率倍儿高,,0
中奖概率,中奖概率倍儿高,1
倍儿高,中奖概率倍儿高,1
狗狗限速器,,0
找到失传媒体,,0
失传,找到失传媒体,1
媒体,找到失传媒体,1
神人转场,,0
曾经的王,,0
曾经的王King,,0
放生蒜苔,,0
看到过去的自己,,0
看到过,看到过去的自己,1
娜塔莎,,0
杰哥再发枪,,0
没想降维打击,,0
降维打击,没想降维打击,1
法老为啥是魔兽梦男,,0
法老,法老为啥是魔兽梦男,1
魔兽,法老为啥是魔兽梦男,1
梦男,法老为啥是魔兽梦男,1
蓝V历险记,,0
我早已麻痹,,0
燃烧我的卡路里咋又火了,,0
燃烧,燃烧我的卡路里咋又火了,1
卡路里,燃烧我的卡路里咋又火了,1
永劫嘉豪,,0
是关中王来了,,0
关中,是关中王来了,1
稳稳地接住你,,0
稳稳地,稳稳地接住你,1
接住,稳稳地接住你,1
呕吐的小曲,,0
依旧果冻人,,0
Coke高招,,0
滚滚长江东逝水,,0
滚滚长江,滚滚长江东逝水,1
东逝水,滚滚长江东逝水,1
老贝榨,,0
豪到你了,,0
插入Aizo,,0
至少穿的像个人,,0
至少,至少穿的像个人,1
像个人,至少穿的像个人,1
SBTI,,0
嘎子酸奶战役,,0
嘎子,嘎子酸奶战役,1
酸奶,嘎子酸奶战役,1
战役,嘎子酸奶战役,1
唐嘉琦,,0
嘎子卖酸奶,,0
唐毒蛇,,0
蛋糕店里卖蛋糕,,0
蛋糕店,蛋糕店里卖蛋糕,1
蛋糕,蛋糕店里卖蛋糕,1
愚人节段子大赏,,0
愚人节,愚人节段子大赏；愚人节段子小赏,2
段子,TF十周年段子大赏；七夕节段子大赏；万圣节段子大赏；世界杯段子大赏；中元节段子大赏；中秋节段子大赏；儿童节段子大赏；光棍节段子大赏；冬奥会段子大赏；劳动节段子大赏；国庆节段子大赏；国足段子大赏；情人节段子大赏；愚人节段子大赏；愚人节段子小赏；新生群段子大赏；春节段子大赏；植树节段子大赏；母亲节段子大赏；父亲节段子大赏；端午节段子大赏；跨年段子大赏；高考段子大赏,23
大赏,TF十周年段子大赏；七夕节段子大赏；万圣节段子大赏；世界杯段子大赏；中元节段子大赏；中秋节段子大赏；儿童节段子大赏；光棍节段子大赏；冬奥会段子大赏；劳动节段子大赏；国庆节段子大赏；国足段子大赏；奥运会整活大赏；情人节段子大赏；愚人节段子大赏；新生群段子大赏；春节段子大赏；植树节段子大赏；母亲节段子大赏；父亲节段子大赏；端午节段子大赏；跨年段子大赏；高考段子大赏,23
如果XX是你的力量,,0
如果,如果EDG夺冠我就xx；如果XX是你的力量；如果奇迹有颜色，那一定是橙色；如果快乐太难，那我祝你平安；如果第一个出考场,5
力量,如果XX是你的力量,1
禅者行脚,,0
区,,0
奥赛级微笑,,0
吃什么,,0
可以称帝了,,0
是啊，吃什么？,,0
Donk放狠话,,0
眼睛瞎在XX上,,0
DLSS 5,,0
雪山救狐狸,,0
顶富熊大快跑,,0
熊大,顶富熊大快跑,1
快跑,顶富熊大快跑,1
航天公式歌,,0
熊大快跑,,0
国产吉尔伽美什,,0
国产,国产吉尔伽美什,1
吉尔伽美什,国产吉尔伽美什,1
我的刀盾,,0
重大历史机遇,,0
抓住历史机遇,,0
抓住,抓住历史机遇,1
历史机遇,抓住历史机遇,1
家是本,,0
雪山狐狸酱板鸭,,0
雪山,雪山狐狸酱板鸭,1
狐狸,雪山狐狸酱板鸭,1
酱板鸭,雪山狐狸酱板鸭,1
SHIT期刊,,0
抖肩舞,,0
time will tell,,0
忧郁程度,,0
没有人知道碰它的后果,,0
人知道,没有人知道碰它的后果,1
后果,没有人知道碰它的后果,1
自刎归天,,0
龙可是帝王之证啊,,0
帝王,龙可是帝王之证啊,1
我跟你很熟吗,,0
很熟,我跟你很熟吗,1
选择庇护所,,0
摄影界天才,,0
低音炮丹尼尔,,0
低音炮,低音炮丹尼尔,1
丹尼尔,低音炮丹尼尔,1
秀芹多吃点怎么了,,0
秀芹,秀芹多吃点怎么了,1
多吃点,秀芹多吃点怎么了,1
让人笑话,,0
死是凉爽的夏夜,,0
凉爽,死是凉爽的夏夜,1
夏夜,死是凉爽的夏夜,1
不可能,,0
不可能！绝对不可能,,0
可能,不可能！绝对不可能；你可能不认识我，但XXX；可能和我的家教有关吧,3
绝对,不可能！绝对不可能,1
法国口音,,0
撒贝宁老鼠干,,0
撒贝宁,撒贝宁老鼠干,1
老鼠,撒贝宁老鼠干,1
机器人春晚,,0
机器孙子团,,0
菲比拉电线,,0
牛巴里巴,,0
哔哔拉布,,0
我是L名场面,,0
我也要死吗,,0
法尔孔战舞,,0
食猴鹰,,0
达尔文事变,,0
陈千语,,0
偷菜,,0
赛博老农,,0
别入坑绝区零,,0
入坑,别入坑绝区零,1
绝区零,别入坑绝区零,1
三百六十度转一圈,,0
三百六十度,三百六十度转一圈,1
转一圈,三百六十度转一圈,1
度转一圈,,0
老子才是老大,,0
老子,老子才是老大；老子打的就是精锐,2
老大,老子才是老大,1
I can't wait,,0
等于什么颜色,,0
等于,等于什么颜色,1
什么颜色,等于什么颜色,1
颜色混合,,0
做了噩梦,,0
眼神给出去,,0
你已急哭,,0
我已急哭,,0
疯狂的鸽子,,0
去酒吧看看,,0
这xx有力气,,0
我的身材很曼妙,,0
身材,我的身材很曼妙,1
很曼妙,我的身材很曼妙,1
失禁低音炮,,0
蕾塞舞,,0
奶龙大笑,,0
Be water,,0
弹丸论破手势舞,,0
弹丸论破,弹丸论破手势舞,1
手势,刺激战场手势舞；弹丸论破手势舞,2
萝卜纸巾，真棒小猫,,0
萝卜,萝卜纸巾，真棒小猫,1
纸巾,萝卜纸巾，真棒小猫,1
真棒,萝卜纸巾，真棒小猫,1
小猫,全球爆火的小猫影子；小猫就在冰上走走怎么就成梗了；没经济没建模小猫；狮子吼小猫头鹰；猫meme?尖叫小猫？嘎嘣脆猫？怎么这么多跳舞猫梗；萝卜纸巾，真棒小猫,6
萝卜纸巾猫,,0
圣诞帽,,0
卖引擎的tina,,0
爱你老己,,0
新时代鸡蛋,,0
不许P圣诞帽,,0
绝望的蛋小黄,,0
绝望,多绝望才能跳出这样的舞步；绝望的蛋小黄,2
小黄,绝望的蛋小黄,1
你被捕了,,0
小品天后大战AI,,0
小品,小品天后大战AI,1
天后,小品天后大战AI,1
大战,哈圈大战乙游；外网爆火的冰水泡脸？百人大战猩猩谁会赢？VRCHAT模型在外网爆红；小品天后大战AI；格莱美大战优乐美,4
AI,AI威尔史密斯吃意面；AI玩梗热潮来了；Chill Guy？AI猫猫剧场？布料模拟？外网爆火新梗来袭；你是AI生成的吗；外国人惊呆，腾讯的AI绘画在外网成了梗；小品天后大战AI,6
关羽之歌,,0
阿米嘎蒂朵喵喵,,0
阿米,阿米嘎蒂朵喵喵,1
喵喵,阿米嘎蒂朵喵喵,1
那个L啊,,0
最忙五人组,,0
我们不说XX，但可以说XX,,0
但可以,我们不说XX，但可以说XX,1
赛博案底,,0
你16年注册过CFM吗,,0
注册过,你16年注册过CFM吗,1
CFM,你16年注册过CFM吗,1
主人不在家，我XXX,,0
主人,主人不在家，我XXX,1
在家,主人不在家，我XXX,1
狮子吼小猫头鹰,,0
狮子吼,狮子吼小猫头鹰,1
兄弟我错了,,0
你刚刚说了XX,,0
因为你已经爱上我了,,0
已经,因为你已经爱上我了；索尼已经断气了,2
爱上,因为你已经爱上我了；阿珍爱上了阿强,2
当你的朋友说开车来接你,,0
朋友说,当你的朋友说开车来接你,1
开车来,当你的朋友说开车来接你,1
我的家乡,,0
巨型吊牌,,0
Papa小孩,,0
外网爆火的芙莉莲仰视,,0
外网,5W美元定制的涩涩动画竟成外网热梗；Chill Guy？AI猫猫剧场？布料模拟？外网爆火新梗来袭；Doodle摇？欧拉欧拉造小孩？不祥的钟声？近期外网热梗来了；Hamburger↗↘？点赞剪衣服？无敌少侠OC？外网梗合集再次袭来；三合一梗曲？最近外网爆火的手书梗；不跑酷就等死？外网爆火的MC跑酷梗；中国河狸”居然在外网火了？我失去的东西我一定要拿回来；初音换国籍？三角流水线？怎么这么生气？近期外网热梗总结；名字超长的外网梗？老外怎么被这种梗给硬控了；后室是什么？外网盛传多年的恐怖故事；国内装修视频竟成外网热梗？镀锌方钢！启动！镀锌方钢！再启动；外网也黑五条悟？会赢哦迎来改图热潮；外网最火的烂电影？《房间》里都有；外网梗超多的电影？封面这人你觉得面熟吗；外网爆火的三星助手？星战四格梗？今年这E3上又有了；外网爆火的冰水泡脸？百人大战猩猩谁会赢？VRCHAT模型在外网爆红；外网爆火的恐怖初音；外网爆火的慢慢龟跳舞；外网爆火的杀人奶昔；外网爆火的芙莉莲仰视；外网音乐梗合集！听到口哨声就会有一个男人出现；外网音效梗盘点；外网黑星光都成梗了？！ 黑袍纠察队梗太多啦；宝可梦信息泄露火爆外网？火暴兽得罪谁了；川普大头照竟成外网热梗；巴巴博一到底出自哪里？Hawk Tuah？外网热门音效梗；张嘴喝雨？免费素材细化？近期外网改图梗大盘点；惊艳外网的披萨塔有；我的狗踩到了蜜蜂？外网爆火的德普案都有；探索洞穴？中国带货在外网火了？外网梗合集来啦；李甫西大夫是谁？苏联动画里的猛男角色火遍外网；火爆外网！刚买的飞机被打了；火爆外网？国内的大运+我更喜欢你传出去了？超大声就完事了；灵感菇？金山银山前路有？严肃过头？2025第一期外网梗合集；爆火外网的致命公司有；粉丝尖叫？柠檬米字脸？近期外网热梗来咯；莫比亚斯，一部烂到成了外网梗的电影；蜘蛛侠纵横宇宙外网那边有；被外网捧杀的神乐槌；觉得自己最XX就跳舞？中国土狗火爆外网；麦当劳引起的外网骂战梗？这也要政治正确,41
爆火,Chill Guy？AI猫猫剧场？布料模拟？外网爆火新梗来袭；三合一梗曲？最近外网爆火的手书梗；不跑酷就等死？外网爆火的MC跑酷梗；全球爆火的小猫影子；外网爆火的三星助手？星战四格梗？今年这E3上又有了；外网爆火的冰水泡脸？百人大战猩猩谁会赢？VRCHAT模型在外网爆红；外网爆火的恐怖初音；外网爆火的慢慢龟跳舞；外网爆火的杀人奶昔；外网爆火的芙莉莲仰视；我的狗踩到了蜜蜂？外网爆火的德普案都有；爆火外网的致命公司有,12
仰视,外网爆火的芙莉莲仰视,1
外卖教练,,0
他是我们这里最没天赋的人,,0
天赋,他是我们这里最没天赋的人,1
没经济没建模小猫,,0
经济,没建模没经济的我；没经济没建模小猫,2
建模,没建模没经济的我；没经济没建模小猫,2
我赚钱啦赚钱啦,,0
赚钱啦,我赚钱啦赚钱啦,1
黄蓝CP,,0
火影手游大的来了,,0
火影手游,火影手游大的来了,1
企鹅跳舞,,0
鲁皮子讨封,,0
旮旯给母里面不是这样的,,0
旮旯,旮旯给母里面不是这样的,1
Galgame里面不是这样的,,0
Galgame,Galgame里面不是这样的,1
非洲十二少,,0
谁有多余XX,,0
谁还有多余资金,,0
多余,谁还有多余资金,1
资金,谁还有多余资金,1
雷霆坐姿,,0
我要验牌,,0
给我擦皮鞋,,0
噔→噔→噔→噔 ↗噔→噔↘,,0
没建模没经济的我,,0
苦命鸳鸯,,0
充乐宝,,0
企鹅表情包,,0
X的那边是什么,,0
马喽音,,0
也够音,,0
野原广志领域展开,,0
野原广志,野原广志领域展开,1
领域,野原广志领域展开,1
展开,野原广志领域展开,1
锻刀大赛,,0
平移饿狼,,0
智斗天花板,,0
你是AI生成的吗,,0
生成,你是AI生成的吗,1
活力大湾区魅力新广州,,0
活力,活力大湾区魅力新广州,1
大湾,活力大湾区魅力新广州,1
魅力,活力大湾区魅力新广州,1
广州,活力大湾区魅力新广州,1
玩家老了，丁亮翻遍硬盘都没找到这集,,0
玩家,完蛋，我被RO玩家包围啦；很喜欢XX玩家的一句话；玩家老了，丁亮翻遍硬盘都没找到这集；第五玩家精神状态,4
翻遍,玩家老了，丁亮翻遍硬盘都没找到这集,1
硬盘,玩家老了，丁亮翻遍硬盘都没找到这集,1
丁真,,0
菜,,0
蔡,,0
练习时长两年半,,0
练习时长,练习时长两年半,1
两年半,练习时长两年半,1
蔡似我了,,0
没有素质,,0
开庭带上你的,,0
开庭,开庭带上你的,1
带上,开庭带上你的,1
从从容容游刃有余,,0
游刃有余,从从容容游刃有余,1
何意味,,0
朵拉智斗,,0
颗秒邦邦邦邦,,0
我是最棒的小羊,,0
最棒,我是最棒的小羊,1
小羊,我是最棒的小羊,1
寻找伪人,,0
共享监狱,,0
勇敢的小羊,,0
阴湿,,0
鸡蛋免费抢,,0
颗秒！邦↓邦↓邦↓邦↑,,0
颗秒,,0
技能五子棋,,0
村田嵌字,,0
班长李浩,,0
鸡排主理人,,0
隔壁班嘉豪,,0
嘉豪,,0
王扁是谁,,0
日本打年糕,,0
钢塞超人,,0
硅基玩家,,0
雨姐大汗脚,,0
囊囊囊,,0
听泉记笔记,,0
库里之歌,,0
爱情酒吧,,0
挖掘机里腌萝卜,,0
挖掘机,挖掘机里腌萝卜,1
腌萝卜,挖掘机里腌萝卜,1
预瞄小学,,0
丝瓜汤,,0
去火丝瓜汤,,0
邪修,,0
的消费态度,,0
九流门,,0
古风小生,,0
幻梦都破碎,,0
老奶奶打方向盘,,0
老奶奶,老奶奶打方向盘,1
方向盘,老奶奶打方向盘,1
哈基米山歌,,0
一半敖丙一半哪吒,,0
一半,一半敖丙一半哪吒,1
敖丙,一半敖丙一半哪吒,1
天使兄弟变身,,0
天使,天使兄弟变身,1
兄弟,☠️兄弟认为他是高司令；天使兄弟变身；有的兄弟有的,3
变身,天使兄弟变身,1
绿冲捡手柄,,0
艾特海露,,0
屋内不许荡秋千,,0
屋内,屋内不许荡秋千,1
荡秋千,屋内不许荡秋千,1
水管冻我爸,,0
第一杯敬自己,,0
第一,国服第一打野；如果第一个出考场；第一杯敬自己；第一舞见葵葵；道理哥是谁？莫非这就是2022年的第一个梗；采访第一个出考场的XX,6
八离世家,,0
读大牌,,0
印度3A大作,,0
校长办公室,,0
就被管家活活打断了双腿,,0
管家,就被管家活活打断了双腿；被管家活活打断了双腿,2
活活,就被管家活活打断了双腿；被管家活活打断了双腿,2
打断,就被管家活活打断了双腿；被管家活活打断了双腿,2
双腿,就被管家活活打断了双腿；被管家活活打断了双腿,2
被管家活活打断了双腿,,0
神人游戏,,0
鸽子神,,0
压力の小曲,,0
画他的奶奶,,0
无限流战斗爽,,0
无限流,无限流战斗爽,1
战斗,无限流战斗爽,1
万年灵乳,,0
老鹅,,0
鹅鸭之争,,0
抽象作诗,,0
赛博吟诗,,0
美美桑内,,0
我没要求你永远XXX,,0
要求,我没要求你永远XXX；我的要求不算高,2
永远,我没要求你永远XXX,1
不是我喜欢的XX，直接XX,,0
喜欢,不是我喜欢的XX，直接XX；喜欢XX你就尖叫；喜欢萨莉亚的女朋友；我不在乎这些xx不喜欢我,4
直接,"不是我喜欢的XX，直接XX；说谎的人要吞一千根针,姿态的一首《说谎》直接让耳朵怀孕",2
富豪演唱会偷情成梗了,,0
富豪,富豪演唱会偷情成梗了,1
演唱会,富豪演唱会偷情成梗了；演唱会尖叫梗图原版是谁,2
偷情,富豪演唱会偷情成梗了,1
演唱会偷情,,0
麦当劳之歌,,0
上海规则怪谈,,0
上海,上海规则怪谈；守护上海？艾莉选角太丑？中国人最让老外敬佩的一集,2
规则,上海规则怪谈,1
怪谈,上海规则怪谈,1
东方明珠防御塔,,0
东方明珠,东方明珠防御塔,1
防御,东方明珠防御塔,1
走秀这一块,,0
测谎仪,,0
小妹妹还没睡呀,,0
小妹妹,小妹妹还没睡呀,1
乘不乘,,0
对邦,,0
你抚琵琶奏琴弦,,0
琵琶,你抚琵琶奏琴弦,1
奏琴,你抚琵琶奏琴弦,1
别害怕男神来了,,0
别害怕,别害怕男神来了,1
男神,别害怕男神来了,1
帝吧,,0
大胃袋,,0
谁敢想谁敢想,,0
谁敢,谁敢想谁敢想,1
别笑你试也过不了第二关,,0
别笑,别笑你试也过不了第二关,1
第二关,别笑你试也过不了第二关,1
五字神人,,0
签证舞,,0
调教AI主播,,0
抽象孔融让梨,,0
抽象,抽象TGA！宇宙机器人怎么把大伙都逗乐了；抽象孔融让梨,2
孔融让梨,抽象孔融让梨,1
蟑螂圣经,,0
出租屋有蟑螂，但粥批没几个,,0
出租屋,出租屋有蟑螂，但粥批没几个,1
蟑螂,出租屋有蟑螂，但粥批没几个,1
如何呢又能怎,,0
如何,如何分辨狼和狗；如何呢又能怎；干货！如何分辨xx和xx,3
老六,,0
南方见,,0
狒瘾犯了,,0
蓝豆emoji,,0
黄蓝大战,,0
勇士快乐球,,0
三角篓行动,,0
抱歉长官刚刚没认出你,,0
抱歉,XX这么可爱真是抱歉；抱歉长官刚刚没认出你,2
长官,抱歉长官刚刚没认出你,1
刚刚,抱歉长官刚刚没认出你,1
认出,抱歉长官刚刚没认出你,1
东方莎士比亚,,0
东方,东方莎士比亚,1
莎士比亚,东方莎士比亚,1
Bro懂我的XX,,0
高考电子陪考人,,0
电子,赛博皇帝？电子奸臣？这都；高考电子陪考人,2
陪考,高考电子陪考人,1
觉得自己最XX就跳舞？中国土狗火爆外网,,0
觉得自己,觉得自己最XX就跳舞？中国土狗火爆外网,1
跳舞,外网爆火的慢慢龟跳舞；猫meme?尖叫小猫？嘎嘣脆猫？怎么这么多跳舞猫梗；觉得自己最XX就跳舞？中国土狗火爆外网；黑人小哥跳舞,4
中国,中国大力王秀才；中国河狸”居然在外网火了？我失去的东西我一定要拿回来；探索洞穴？中国带货在外网火了？外网梗合集来啦；更适合中国宝宝体质的XX；觉得自己最XX就跳舞？中国土狗火爆外网,5
土狗,觉得自己最XX就跳舞？中国土狗火爆外网,1
火爆,宝可梦信息泄露火爆外网？火暴兽得罪谁了；我的世界大电影烂成梗？全网火爆的repo；火爆外网！刚买的飞机被打了；火爆外网？国内的大运+我更喜欢你传出去了？超大声就完事了；觉得自己最XX就跳舞？中国土狗火爆外网,5
大孝子,,0
苏超联赛,,0
弗雷尔卓德瓶盖,,0
弗雷尔卓德,弗雷尔卓德瓶盖,1
瓶盖,弗雷尔卓德瓶盖,1
那一天的忧郁忧郁起来,,0
一天,那一天的忧郁忧郁起来,1
忧郁,那一天的忧郁忧郁起来,1
起来,那一天的忧郁忧郁起来,1
守护上海？艾莉选角太丑？中国人最让老外敬佩的一集,,0
守护,守护上海？艾莉选角太丑？中国人最让老外敬佩的一集,1
选角,守护上海？艾莉选角太丑？中国人最让老外敬佩的一集,1
太丑,守护上海？艾莉选角太丑？中国人最让老外敬佩的一集,1
中国人,中国人不蹦洋迪；中国人不骗中国人；唐可可是谁？日本动漫里可算有了对味的中国人；守护上海？艾莉选角太丑？中国人最让老外敬佩的一集,4
老外,名字超长的外网梗？老外怎么被这种梗给硬控了；守护上海？艾莉选角太丑？中国人最让老外敬佩的一集,2
敬佩,守护上海？艾莉选角太丑？中国人最让老外敬佩的一集,1
一集,守护上海？艾莉选角太丑？中国人最让老外敬佩的一集,1
痛核风,,0
全球爆火的小猫影子,,0
全球,全球爆火的小猫影子；阿尼亚为什么叫瓜神？这笑容可真是火遍了全球,2
影子,全球爆火的小猫影子,1
妈祖点化牦牛精,,0
妈祖,妈祖点化牦牛精,1
点化,妈祖点化牦牛精,1
牦牛,妈祖点化牦牛精,1
i人团队,,0
你可能不认识我，但XXX,,0
认识,不认识我但听过我；你可能不认识我，但XXX,2
韩国霸总吃饭,,0
韩国,痛失韩国市场；韩国霸总吃饭,2
霸总,韩国霸总吃饭,1
吃饭,贾君鹏你妈妈喊你回家吃饭；韩国霸总吃饭,2
凋零骷髅煤炭,,0
凋零,凋零骷髅煤炭,1
骷髅,凋零骷髅煤炭,1
煤炭,凋零骷髅煤炭,1
食界大战,,0
凋灵刷煤,,0
请支持XXX,,0
火爆外网！刚买的飞机被打了,,0
刚买,火爆外网！刚买的飞机被打了,1
飞机,火爆外网！刚买的飞机被打了,1
好写，太好写了,,0
好写,好写，太好写了,1
太好,好写，太好写了,1
一勺料汁,,0
不认识我但听过我,,0
但听,不认识我但听过我,1
SSVGG？感受我的痛苦？守望回国服又有了,,0
SSVGG,SSVGG？感受我的痛苦？守望回国服又有了,1
感受,SSVGG？感受我的痛苦？守望回国服又有了；我听随机歌单的感受,2
痛苦,SSVGG？感受我的痛苦？守望回国服又有了；但我的痛苦在你之上,2
守望,SSVGG？感受我的痛苦？守望回国服又有了,1
回国,SSVGG？感受我的痛苦？守望回国服又有了,1
撞大运、来国道试试,,0
撞大运,撞大运、来国道试试,1
国道,撞大运、来国道试试,1
试试,撞大运、来国道试试,1
火爆外网？国内的大运+我更喜欢你传出去了？超大声就完事了,,0
国内,国内装修视频竟成外网热梗？镀锌方钢！启动！镀锌方钢！再启动；火爆外网？国内的大运+我更喜欢你传出去了？超大声就完事了；这还是国内吗,3
大运,火爆外网？国内的大运+我更喜欢你传出去了？超大声就完事了,1
更喜欢,比起xx我更喜欢你；火爆外网？国内的大运+我更喜欢你传出去了？超大声就完事了,2
传出去,火爆外网？国内的大运+我更喜欢你传出去了？超大声就完事了,1
超大,火爆外网？国内的大运+我更喜欢你传出去了？超大声就完事了,1
完事,火爆外网？国内的大运+我更喜欢你传出去了？超大声就完事了,1
22号审讯室,,0
AI自拍,,0
资本你赢了,,0
爷们要脸,,0
外网爆火的冰水泡脸？百人大战猩猩谁会赢？VRCHAT模型在外网爆红,,0
冰水,外网爆火的冰水泡脸？百人大战猩猩谁会赢？VRCHAT模型在外网爆红,1
百人,外网爆火的冰水泡脸？百人大战猩猩谁会赢？VRCHAT模型在外网爆红,1
猩猩,外网爆火的冰水泡脸？百人大战猩猩谁会赢？VRCHAT模型在外网爆红,1
谁会,外网爆火的冰水泡脸？百人大战猩猩谁会赢？VRCHAT模型在外网爆红,1
VRCHAT,外网爆火的冰水泡脸？百人大战猩猩谁会赢？VRCHAT模型在外网爆红,1
模型,外网爆火的冰水泡脸？百人大战猩猩谁会赢？VRCHAT模型在外网爆红,1
在外,XX或者唱中文歌？又一首中文歌在外网爆火；外国人惊呆，腾讯的AI绘画在外网成了梗；外网爆火的冰水泡脸？百人大战猩猩谁会赢？VRCHAT模型在外网爆红；探索洞穴？中国带货在外网火了？外网梗合集来啦,4
网爆,XX或者唱中文歌？又一首中文歌在外网爆火；外网爆火的冰水泡脸？百人大战猩猩谁会赢？VRCHAT模型在外网爆红,2
我本是XXX,,0
XX的梦该醒了,,0
西装打团,,0
来国道试试,,0
XX这招太狠了,,0
你最喜欢的歌手是谁,,0
最喜欢,你最喜欢的歌手是谁,1
歌手,你最喜欢的歌手是谁,1
我的世界大电影烂成梗？全网火爆的repo,,0
世界,世界聚焦于你；为了让世界更好对吧；任天堂就是世界的主宰；我的世界大电影烂成梗？全网火爆的repo；谁也不会受伤的世界完成了,5
大电影,我的世界大电影烂成梗？全网火爆的repo,1
烂成,我的世界大电影烂成梗？全网火爆的repo,1
全网,我的世界大电影烂成梗？全网火爆的repo；爆瘦226斤，骗过全网的鳄梨小哥,2
repo,我的世界大电影烂成梗？全网火爆的repo,1
GO学长瓦学弟,,0
Doro,,0
比起xx我更喜欢你,,0
比起,比起xx我更喜欢你,1
迅速找到你躲藏的地点,,0
迅速,迅速找到你躲藏的地点,1
躲藏,迅速找到你躲藏的地点,1
地点,迅速找到你躲藏的地点,1
gogogo出发咯,,0
我更喜欢你,,0
AI山海经,,0
speed有哪些名场面,,0
speed,speed有哪些名场面,1
名场面,speed有哪些名场面,1
甲亢哥SPEED中国行梗盘点来咯,,0
甲亢哥,甲亢哥SPEED中国行梗盘点来咯；甲亢哥Speed是谁？都有,2
SPEED,甲亢哥SPEED中国行梗盘点来咯,1
中国行,甲亢哥SPEED中国行梗盘点来咯,1
盘点,2021年热门梗盘点；2023二次元热梗盘点；外网音效梗盘点；我的很大你忍一下？三句话让男人花18万并不简单？盘点最近网上的哪些梗；甲亢哥SPEED中国行梗盘点来咯,5
来咯,甲亢哥SPEED中国行梗盘点来咯；粉丝尖叫？柠檬米字脸？近期外网热梗来咯,2
i love you so❤️,,0
四川芬达,,0
⚡谁说瘸子不能跑步⚡,,0
谁说,⚡谁说瘸子不能跑步⚡,1
瘸子,⚡谁说瘸子不能跑步⚡,1
能跑,⚡谁说瘸子不能跑步⚡,1
四川芬达、没座,,0
四川,四川芬达、没座,1
芬达,四川芬达、没座,1
评论区老发的俳句,,0
评论区,评论区老发的俳句,1
俳句,评论区老发的俳句,1
网络弄潮儿冲浪指南,,0
网络,网络弄潮儿冲浪指南,1
弄潮儿,网络弄潮儿冲浪指南,1
冲浪,网络弄潮儿冲浪指南,1
指南,梗指南首次露脸？！一个机器人终于决定出镜了；网络弄潮儿冲浪指南,2
妩媚大主播,,0
甲亢哥Speed是谁？都有,,0
Speed,甲亢哥Speed是谁？都有,1
假药？蜘蛛侠？包寿司？Mujica你这家伙,,0
假药,假药？蜘蛛侠？包寿司？Mujica你这家伙,1
蜘蛛侠,假药？蜘蛛侠？包寿司？Mujica你这家伙；蜘蛛侠纵横宇宙外网那边有,2
寿司,假药？蜘蛛侠？包寿司？Mujica你这家伙,1
Mujica,假药？蜘蛛侠？包寿司？Mujica你这家伙,1
家伙,假药？蜘蛛侠？包寿司？Mujica你这家伙；哈基X，你这家伙,2
在这张图里，你看到的一切都是XX,,0
在这张,在这张图里，你看到的一切都是XX,1
图里,在这张图里，你看到的一切都是XX,1
看到的一切,在这张图里，你看到的一切都是XX,1
我们赢你们输,,0
我们赢，你们输,,0
并非XX,,0
好好学吧小子！会变强的,,0
好好学,好好学吧小子！会变强的,1
小子,好好学吧小子！会变强的；纳米机器，小子,2
会变,好好学吧小子！会变强的,1
滔博陀螺,,0
回答我,,0
Hamburger↗↘？点赞剪衣服？无敌少侠OC？外网梗合集再次袭来,,0
Hamburger,Hamburger↗↘？点赞剪衣服？无敌少侠OC？外网梗合集再次袭来,1
点赞,Hamburger↗↘？点赞剪衣服？无敌少侠OC？外网梗合集再次袭来,1
衣服,Hamburger↗↘？点赞剪衣服？无敌少侠OC？外网梗合集再次袭来,1
无敌,Hamburger↗↘？点赞剪衣服？无敌少侠OC？外网梗合集再次袭来；无敌战神＞婆罗门,2
少侠,Hamburger↗↘？点赞剪衣服？无敌少侠OC？外网梗合集再次袭来,1
OC,Hamburger↗↘？点赞剪衣服？无敌少侠OC？外网梗合集再次袭来,1
合集,Hamburger↗↘？点赞剪衣服？无敌少侠OC？外网梗合集再次袭来；外网音乐梗合集！听到口哨声就会有一个男人出现；太多意想不到，世界杯梗合集；探索洞穴？中国带货在外网火了？外网梗合集来啦；灵感菇？金山银山前路有？严肃过头？2025第一期外网梗合集；空耳梗合集第一期；空耳梗合集第三期；空耳梗合集第二期；陕北XX？炼金丹？金蝉子我又赢了？黑悟空梗合集又来啦,9
再次,Hamburger↗↘？点赞剪衣服？无敌少侠OC？外网梗合集再次袭来；哥谭再次陷入尴尬；当代大学生的精神状态怎么了？发疯文学再次回归,3
袭来,Hamburger↗↘？点赞剪衣服？无敌少侠OC？外网梗合集再次袭来,1
功能饮料享受者,,0
功能饮料,功能饮料享受者,1
享受,功能饮料享受者,1
刘佳小区,,0
卖掉了,,0
屎尿屁文学,,0
咕咕嘎嘎,,0
烧冬瓜,,0
馕言文,,0
探索洞穴？中国带货在外网火了？外网梗合集来啦,,0
探索,探索洞穴？中国带货在外网火了？外网梗合集来啦,1
洞穴,探索洞穴？中国带货在外网火了？外网梗合集来啦,1
带货,探索洞穴？中国带货在外网火了？外网梗合集来啦,1
来啦,探索洞穴？中国带货在外网火了？外网梗合集来啦；新鲜哥？chipi猫？爆笑猫？芝士汉堡？近期热门猫梗又来啦；陕北XX？炼金丹？金蝉子我又赢了？黑悟空梗合集又来啦,3
鹿童真男人,,0
哈基X，你这家伙,,0
灵感菇,,0
守望先锋近期有什么热梗,,0
守望先锋,守望先锋归西；守望先锋近期有什么热梗,2
近期,Doodle摇？欧拉欧拉造小孩？不祥的钟声？近期外网热梗来了；happy猫？臭猫？近期热门猫梗一次看个够；初音换国籍？三角流水线？怎么这么生气？近期外网热梗总结；守望先锋近期有什么热梗；张嘴喝雨？免费素材细化？近期外网改图梗大盘点；新鲜哥？chipi猫？爆笑猫？芝士汉堡？近期热门猫梗又来啦；粉丝尖叫？柠檬米字脸？近期外网热梗来咯；近期私信解答第二期；近期私信解答，百梗交集，你想知道的梗都在这,9
热梗,2021热梗年度总结；2022热梗年度总结；2023二次元热梗盘点；2023热梗年度总结；2024年度热梗总结；2024热梗年度总结；5W美元定制的涩涩动画竟成外网热梗；Doodle摇？欧拉欧拉造小孩？不祥的钟声？近期外网热梗来了；初音换国籍？三角流水线？怎么这么生气？近期外网热梗总结；国内装修视频竟成外网热梗？镀锌方钢！启动！镀锌方钢！再启动；守望先锋近期有什么热梗；川普大头照竟成外网热梗；粉丝尖叫？柠檬米字脸？近期外网热梗来咯；谷歌街景拍下的少女们竟成改图热梗,14
王心凌画质,,0
又幻想了,,0
我老爸得了MVP,,0
绝望的鸟,,0
来财,,0
老鼠舞,,0
来财来财,,0
权威,,0
寂寞的人听伤心的歌,,0
寂寞的人,寂寞的人听伤心的歌,1
伤心,寂寞的人听伤心的歌,1
不管了，加钠,,0
迷茫的时候，不妨听听XXX的话,,0
迷茫,迷茫的时候，不妨听听XXX的话,1
时候,迷茫的时候，不妨听听XXX的话,1
听听,迷茫的时候，不妨听听XXX的话,1
灵感菇？金山银山前路有？严肃过头？2025第一期外网梗合集,,0
灵感,灵感菇？金山银山前路有？严肃过头？2025第一期外网梗合集,1
金山银山,灵感菇？金山银山前路有？严肃过头？2025第一期外网梗合集,1
前路,灵感菇？金山银山前路有？严肃过头？2025第一期外网梗合集,1
严肃,灵感菇？金山银山前路有？严肃过头？2025第一期外网梗合集,1
过头,灵感菇？金山银山前路有？严肃过头？2025第一期外网梗合集,1
第一期,灵感菇？金山银山前路有？严肃过头？2025第一期外网梗合集；空耳梗合集第一期,2
春节档电影有些,,0
春节档,春节档电影有些,1
电影,三角符文梗？马里奥电影配音阵容？外国小孩竟拿盗窃当潮流；外网最火的烂电影？《房间》里都有；外网梗超多的电影？封面这人你觉得面熟吗；春节档电影有些；莫比亚斯，一部烂到成了外网梗的电影,5
XX不语只是一味的XX,,0
一味,XX不语只是一味的XX,1
提灯定损,,0
白蛇？赛博扭秧歌？2025春晚都有,,0
白蛇,白蛇？赛博扭秧歌？2025春晚都有,1
赛博,白蛇？赛博扭秧歌？2025春晚都有；赛博女鬼？米塔进行曲？米塔都有；赛博皇帝？电子奸臣？这都,3
扭秧歌,白蛇？赛博扭秧歌？2025春晚都有,1
春晚,大学生春晚这么玩梗；春山学？小尼穿帮？十天过去了春晚梗还有人在意吗；春晚机器人有；白蛇？赛博扭秧歌？2025春晚都有,4
拼好晚,,0
难绷的小曲,,0
春晚机器人有,,0
机器人,抽象TGA！宇宙机器人怎么把大伙都逗乐了；春晚机器人有；梗指南首次露脸？！一个机器人终于决定出镜了,3
大学生春晚这么玩梗,,0
大学生,大学生春晚这么玩梗；大学生防沉迷,2
玩梗,AI玩梗热潮来了；大学生春晚这么玩梗；黑悟空往生咒被玩梗？外国人对西瓜怎么反应这么大,3
小头爸爸这个赛季太强了,,0
小头爸爸,小头爸爸这个赛季太强了,1
赛季,小头爸爸这个赛季太强了,1
太强,小头爸爸这个赛季太强了；我们三个太强了,2
玉面手雷王,,0
零胜冠军,,0
举报一手,,0
不如举手,,0
贾君鹏你妈妈喊你回家吃饭,,0
贾君鹏,贾君鹏你妈妈喊你回家吃饭,1
妈妈,妈妈，人生是旷野；贾君鹏你妈妈喊你回家吃饭,2
回家,贾君鹏你妈妈喊你回家吃饭,1
AI梗合集,,0
健美圈传来噩耗,,0
健美,健美圈传来噩耗,1
传来噩耗,健美圈传来噩耗,1
红温,,0
特辣的海藻,,0
屠尼双擎,,0
潘宏训猪,,0
猫税,,0
赛博难民,,0
文明中国人,,0
简单又强势的英雄,,0
简单,suno是个啥玩意？这么简单就能生成音乐；我有冰淇淋这个梗并不止看上去那么简单；我的很大你忍一下？三句话让男人花18万并不简单？盘点最近网上的哪些梗；简单又强势的英雄,4
强势,简单又强势的英雄,1
英雄,简单又强势的英雄；谁才是真正的英雄,2
有的兄弟有的,,0
XX，跪下,,0
人名歌词填空是什么,,0
人名,人名歌词填空是什么,1
歌词,人名歌词填空是什么,1
填空,人名歌词填空是什么,1
社交的手腕,,0
晓艳劝学,,0
独攀,,0
赛博女鬼？米塔进行曲？米塔都有,,0
女鬼,赛博女鬼？米塔进行曲？米塔都有,1
进行曲,赛博女鬼？米塔进行曲？米塔都有,1
我的要求不算高,,0
考研之路,,0
人脸痞老板,,0
江南style,,0
00后废话全剪掉,,0
废话,00后废话全剪掉,1
剪掉,00后废话全剪掉,1
2024热梗年度总结,,0
年度总结,2021热梗年度总结；2022热梗年度总结；2023热梗年度总结；2024热梗年度总结,4
驯化大数据,,0
解冻尼禄,,0
2024十大学问（下）,,0
2024十大学问（中）,,0
那我问你？头顶尖尖的？常熟阿诺都有,,0
头顶,那我问你？头顶尖尖的？常熟阿诺都有,1
尖尖,那我问你？头顶尖尖的？常熟阿诺都有,1
常熟,常熟阿诺金句PV；那我问你？头顶尖尖的？常熟阿诺都有,2
阿诺,常熟阿诺金句PV；那我问你？头顶尖尖的？常熟阿诺都有,2
2024十大学问（上）,,0
被村里人包围了,,0
村里人,被村里人包围了,1
包围,完蛋，我被RO玩家包围啦；被村里人包围了,2
2024年度热梗总结,,0
年度,2024年度热梗总结；我们的配音是情侣吗？年度梗总结在结尾；科目三还是极乐净土？年度之舞是,3
总结,2024年度热梗总结；初音换国籍？三角流水线？怎么这么生气？近期外网热梗总结；我们的配音是情侣吗？年度梗总结在结尾,3
江南宝宝,,0
初生史蒂夫,,0
阿诺文学,,0
常熟阿诺金句PV,,0
金句,常熟阿诺金句PV,1
PV,常熟阿诺金句PV；迷途之子角色PV,2
TGA公式,,0
抽象TGA！宇宙机器人怎么把大伙都逗乐了,,0
TGA,TGA上的红灵入侵；抽象TGA！宇宙机器人怎么把大伙都逗乐了,2
宇宙,抽象TGA！宇宙机器人怎么把大伙都逗乐了；蜘蛛侠纵横宇宙外网那边有,2
大伙,抽象TGA！宇宙机器人怎么把大伙都逗乐了,1
逗乐,抽象TGA！宇宙机器人怎么把大伙都逗乐了,1
猴奈我何,,0
XX糟糕透了,,0
咽食症,,0
剪头刺客刺不到我,,0
剪头,剪头刺客刺不到我,1
刺客,剪头刺客刺不到我；啥叫未成年刺客,2
迷途之子角色PV,,0
迷途,迷途之子角色PV,1
之子,迷途之子角色PV,1
角色,李甫西大夫是谁？苏联动画里的猛男角色火遍外网；粥味很冲的角色；迷途之子角色PV,3
返场龙腾之力玩偶,,0
返场,返场八一式阿波罗；返场龙腾之力玩偶,2
龙腾,返场龙腾之力玩偶,1
之力,以手册之力击碎主播；返场龙腾之力玩偶,2
玩偶,返场龙腾之力玩偶,1
拼尽全力也无法战胜,,0
拼尽,拼尽全力也无法战胜,1
全力,拼尽全力也无法战胜,1
无法,拼尽全力也无法战胜,1
战胜,拼尽全力也无法战胜,1
Passion,,0
那很好了,,0
吹牛X呢！俄罗斯大贝塔,,0
吹牛,吹牛X呢！俄罗斯大贝塔,1
俄罗斯,吹牛X呢！俄罗斯大贝塔,1
贝塔,吹牛X呢！俄罗斯大贝塔,1
凌驾,,0
头顶尖尖的,,0
Queen Never Cry,,0
Chill Guy？AI猫猫剧场？布料模拟？外网爆火新梗来袭,,0
Chill Guy,Chill Guy？AI猫猫剧场？布料模拟？外网爆火新梗来袭,1
猫猫,Chill Guy？AI猫猫剧场？布料模拟？外网爆火新梗来袭,1
剧场,Chill Guy？AI猫猫剧场？布料模拟？外网爆火新梗来袭,1
布料,Chill Guy？AI猫猫剧场？布料模拟？外网爆火新梗来袭,1
模拟,Chill Guy？AI猫猫剧场？布料模拟？外网爆火新梗来袭,1
来袭,Chill Guy？AI猫猫剧场？布料模拟？外网爆火新梗来袭；特朗普被枪击！？梗图火速来袭,2
多绝望才能跳出这样的舞步,,0
才能,多绝望才能跳出这样的舞步,1
跳出,多绝望才能跳出这样的舞步,1
舞步,多绝望才能跳出这样的舞步,1
她拍的,,0
自己吓自己,,0
Queen never cry,,0
还有谁要XXX,,0
太好了是xx,,0
麦学,,0
业主群闹事头像,,0
业主,业主群闹事头像,1
闹事,业主群闹事头像,1
头像,业主群闹事头像,1
咖啡不断加加加加到厌倦,,0
咖啡,咖啡不断加加加加到厌倦,1
加加,咖啡不断加加加加到厌倦,1
厌倦,咖啡不断加加加加到厌倦,1
坏猫之歌,,0
米饭仙人,,0
张嘴喝雨？免费素材细化？近期外网改图梗大盘点,,0
张嘴,张嘴喝雨？免费素材细化？近期外网改图梗大盘点,1
素材,张嘴喝雨？免费素材细化？近期外网改图梗大盘点,1
细化,张嘴喝雨？免费素材细化？近期外网改图梗大盘点,1
改图,外网也黑五条悟？会赢哦迎来改图热潮；张嘴喝雨？免费素材细化？近期外网改图梗大盘点；谷歌街景拍下的少女们竟成改图热梗,3
大盘点,张嘴喝雨？免费素材细化？近期外网改图梗大盘点,1
熏鸡事变,,0
清华健身房,,0
XX仙人,,0
无孩爱猫女,,0
巴巴博一到底出自哪里？Hawk Tuah？外网热门音效梗,,0
巴巴,巴巴博一到底出自哪里？Hawk Tuah？外网热门音效梗,1
出自,巴巴博一到底出自哪里？Hawk Tuah？外网热门音效梗；群里老发的小可爱表情包出自哪？这Chiikawa是个啥,2
Hawk Tuah,巴巴博一到底出自哪里？Hawk Tuah？外网热门音效梗,1
热门,2021年热门梗盘点；happy猫？臭猫？近期热门猫梗一次看个够；巴巴博一到底出自哪里？Hawk Tuah？外网热门音效梗；新鲜哥？chipi猫？爆笑猫？芝士汉堡？近期热门猫梗又来啦,4
音效,外网音效梗盘点；巴巴博一到底出自哪里？Hawk Tuah？外网热门音效梗,2
如何分辨狼和狗,,0
分辨,如何分辨狼和狗；干货！如何分辨xx和xx,2
APT,,0
八个瑞士卷,,0
去皮猕猴桃,,0
UZI捧杯,,0
借你号玩玩,,0
可怜的小玛丽,,0
可怜,可怜的小玛丽,1
玛丽,可怜的小玛丽,1
回不去的金色维也纳大厅,,0
回不去,回不去的金色维也纳大厅,1
金色维也纳,回不去的金色维也纳大厅,1
大厅,回不去的金色维也纳大厅,1
变异酒馆,,0
邪恶栀子花,,0
珂学,,0
对宁谈墙,,0
宝可梦信息泄露火爆外网？火暴兽得罪谁了,,0
宝可梦,宝可梦信息泄露火爆外网？火暴兽得罪谁了,1
信息,宝可梦信息泄露火爆外网？火暴兽得罪谁了,1
泄露,宝可梦信息泄露火爆外网？火暴兽得罪谁了,1
火暴兽,宝可梦信息泄露火爆外网？火暴兽得罪谁了,1
得罪,宝可梦信息泄露火爆外网？火暴兽得罪谁了,1
赛博阎王,,0
模仿向佐,,0
乙游大世界,,0
我是毒液,,0
Doodle摇？欧拉欧拉造小孩？不祥的钟声？近期外网热梗来了,,0
Doodle,Doodle摇？欧拉欧拉造小孩？不祥的钟声？近期外网热梗来了,1
欧拉,Doodle摇？欧拉欧拉造小孩？不祥的钟声？近期外网热梗来了,1
小孩,Doodle摇？欧拉欧拉造小孩？不祥的钟声？近期外网热梗来了；三角符文梗？马里奥电影配音阵容？外国小孩竟拿盗窃当潮流；小孩幼稚，大人刚好；防止小孩误食,4
钟声,Doodle摇？欧拉欧拉造小孩？不祥的钟声？近期外网热梗来了,1
大学生防沉迷,,0
防沉迷,大学生防沉迷,1
三折叠怎么折都有面,,0
三折,三折叠怎么折都有面,1
炸鱼小学生,,0
战鹰起飞,,0
可能和我的家教有关吧,,0
家教,可能和我的家教有关吧,1
18年前的外星人视频👽火了？真出处我们找到了,,0
年前,18年前的外星人视频👽火了？真出处我们找到了,1
外星人,18年前的外星人视频👽火了？真出处我们找到了；steam掌机？海绵宝宝加入大乱斗？最近舞蹈区竟惨遭外星人入侵；墨西哥外星人,3
视频,18年前的外星人视频👽火了？真出处我们找到了；国内装修视频竟成外网热梗？镀锌方钢！启动！镀锌方钢！再启动；本视频收益全部XX,3
真出,18年前的外星人视频👽火了？真出处我们找到了,1
何炅异食癖,,0
不跑酷就等死？外网爆火的MC跑酷梗,,0
跑酷,不跑酷就等死？外网爆火的MC跑酷梗,1
等死,不跑酷就等死？外网爆火的MC跑酷梗,1
MC,不跑酷就等死？外网爆火的MC跑酷梗,1
感谢碧昂斯,,0
认祖归洲,,0
上海堡垒2.0,,0
六星街里还传来巴扬琴声吗,,0
六星街,六星街里还传来巴扬琴声吗,1
传来,六星街里还传来巴扬琴声吗,1
扬琴,六星街里还传来巴扬琴声吗,1
不要视奸我,,0
电子切糕,,0
国庆节段子大赏,,0
国庆节,国庆节段子大赏,1
15块组乐队,,0
小作坊下猛料,,0
小作坊,小作坊下猛料,1
猛料,小作坊下猛料,1
沙威玛传奇,,0
坐忘道,,0
姜老师,,0
发奶龙的小朋友们你好啊,,0
奶龙,发奶龙的小朋友们你好啊,1
小朋友们,发奶龙的小朋友们你好啊,1
回家打粥,,0
男人这辈子要保护的三样东西,,0
男人,XX，男人最好的医美；三句话让男人为我花了18万；到处征兵的男人；四处征兵的男人；我的很大你忍一下？三句话让男人花18万并不简单？盘点最近网上的哪些梗；男人中的男人；男人过了20岁，就别再穿的像个小孩子了；男人这辈子要保护的三样东西；萨菲罗斯男人中的男人,9
辈子,男人这辈子要保护的三样东西,1
要保护,xx要保护的三样东西；男人这辈子要保护的三样东西,2
三样东西,xx要保护的三样东西；男人这辈子要保护的三样东西,2
柯南摇,,0
XX年，你,,0
FPS春晚,,0
xx要保护的三样东西,,0
马超~马超,,0
白日梦哥布林,,0
白日梦,白日梦哥布林,1
哥布林,白日梦哥布林,1
梦幻联动？来自SLG的震撼,,0
梦幻联动,梦幻联动？来自SLG的震撼,1
来自,梦幻联动？来自SLG的震撼,1
SLG,梦幻联动？来自SLG的震撼,1
震撼,梦幻联动？来自SLG的震撼,1
Cosplay姜老师,,0
沙威玛，哦沙威玛,,0
沙威玛,沙威玛，哦沙威玛,1
等一下！怪盗基德,,0
等一下,等一下！怪盗基德,1
怪盗基德,等一下！怪盗基德,1
爆瘦226斤，骗过全网的鳄梨小哥,,0
骗过,爆瘦226斤，骗过全网的鳄梨小哥,1
鳄梨,爆瘦226斤，骗过全网的鳄梨小哥,1
小哥,反戏精黑人小哥；爆瘦226斤，骗过全网的鳄梨小哥；黑人小哥跳舞,3
龙族只有前三部,,0
龙族,龙族只有前三部,1
前三,龙族只有前三部,1
小语K,,0
十三香仙人？总有一种不祥的预感？玉哭无泪的咸鱼梦想家,,0
十三香,十三香仙人？总有一种不祥的预感？玉哭无泪的咸鱼梦想家,1
仙人,十三香仙人？总有一种不祥的预感？玉哭无泪的咸鱼梦想家；山本我日你仙人,2
总有一种,十三香仙人？总有一种不祥的预感？玉哭无泪的咸鱼梦想家,1
预感,十三香仙人？总有一种不祥的预感？玉哭无泪的咸鱼梦想家,1
无泪,十三香仙人？总有一种不祥的预感？玉哭无泪的咸鱼梦想家,1
咸鱼,十三香仙人？总有一种不祥的预感？玉哭无泪的咸鱼梦想家,1
梦想家,十三香仙人？总有一种不祥的预感？玉哭无泪的咸鱼梦想家,1
沪爷冲击,,0
国足段子大赏,,0
国足,国足段子大赏,1
陕北XX？炼金丹？金蝉子我又赢了？黑悟空梗合集又来啦,,0
陕北,陕北XX？炼金丹？金蝉子我又赢了？黑悟空梗合集又来啦,1
炼金,陕北XX？炼金丹？金蝉子我又赢了？黑悟空梗合集又来啦,1
金蝉子,陕北XX？炼金丹？金蝉子我又赢了？黑悟空梗合集又来啦,1
悟空,陕北XX？炼金丹？金蝉子我又赢了？黑悟空梗合集又来啦；黑悟空往生咒被玩梗？外国人对西瓜怎么反应这么大,2
B站大学的老师们都有哪些梗,,0
大学,B站大学的老师们都有哪些梗,1
老师们,B站大学的老师们都有哪些梗,1
何晨光的小道具,,0
晨光,何晨光的小道具,1
小道具,何晨光的小道具,1
国足0比7有,,0
星鸣特攻暴死有,,0
特攻,星鸣特攻暴死有,1
暴死,星鸣特攻暴死有,1
江西进刑曲,,0
初音换国籍？三角流水线？怎么这么生气？近期外网热梗总结,,0
初音,初音换国籍？三角流水线？怎么这么生气？近期外网热梗总结；外网爆火的恐怖初音,2
换国籍,初音换国籍？三角流水线？怎么这么生气？近期外网热梗总结,1
三角,初音换国籍？三角流水线？怎么这么生气？近期外网热梗总结,1
流水线,初音换国籍？三角流水线？怎么这么生气？近期外网热梗总结,1
怎么这么,初音换国籍？三角流水线？怎么这么生气？近期外网热梗总结,1
生气,初音换国籍？三角流水线？怎么这么生气？近期外网热梗总结,1
哈圈大战乙游,,0
蛋生蛋,,0
勇敢去做,,0
黑神话广智？冯骥英高？才几天啊这么多梗,,0
黑神话,黑神话广智？冯骥英高？才几天啊这么多梗；黑神话往生咒,2
才几天,黑神话广智？冯骥英高？才几天啊这么多梗,1
广智铠甲,,0
新生群段子大赏,,0
新生,新生群段子大赏,1
黑神话悟空刚出就有这么多梗,,0
黑神话悟空,黑神话悟空刚出就有这么多梗；黑神话悟空破解版,2
刚出,黑神话悟空刚出就有这么多梗,1
国潮包装,,0
站如本的山城恋,,0
山城,站如本的山城恋,1
boss带条狗,,0
硬汉滤镜,,0
海露插线板,,0
认亲歌单,,0
火男颠勺,,0
懂王同款,,0
黑神话往生咒,,0
往生咒,黑悟空往生咒被玩梗？外国人对西瓜怎么反应这么大；黑神话往生咒,2
黑悟空往生咒被玩梗？外国人对西瓜怎么反应这么大,,0
外国人,外国人惊呆，腾讯的AI绘画在外网成了梗；黑悟空往生咒被玩梗？外国人对西瓜怎么反应这么大,2
西瓜,黑悟空往生咒被玩梗？外国人对西瓜怎么反应这么大,1
反应,黑悟空往生咒被玩梗？外国人对西瓜怎么反应这么大,1
秦朝老兵,,0
族谱歌单,,0
死侍舞,,0
七夕节段子大赏,,0
七夕节,七夕节段子大赏,1
孤高之人,,0
彩六国服,,0
uzi跳枪,,0
是青岛不是冰岛,,0
青岛,是青岛不是冰岛,1
冰岛,是青岛不是冰岛,1
土耳其射手,,0
马达马达,,0
闹心球,,0
宿敌就是宿敌,,0
宿敌,宿敌就是宿敌,1
赛啵女友,,0
还我妈生鼻,,0
松弛感,,0
奥运会整活大赏,,0
奥运会,奥运会整活大赏,1
整活,奥运会整活大赏,1
活全家片头,,0
啥是没苦硬吃？没福硬享,,0
硬吃,啥是没苦硬吃？没福硬享,1
谁是梗高手,,0
岳山后人,,0
你说英语还是西语,,0
说英语,你说英语还是西语,1
西语,你说英语还是西语,1
演的什么玩意这是,,0
什么玩意,演的什么玩意这是,1
精致女孩坐高铁,,0
精致,精致女孩坐高铁,1
女孩,精致女孩坐高铁,1
坐高铁,精致女孩坐高铁,1
赛博皇帝？电子奸臣？这都,,0
皇帝,赛博皇帝？电子奸臣？这都,1
奸臣,赛博皇帝？电子奸臣？这都,1
cheki cheki,,0
外网黑星光都成梗了？！ 黑袍纠察队梗太多啦,,0
黑袍纠察队,外网黑星光都成梗了？！ 黑袍纠察队梗太多啦,1
太多啦,外网黑星光都成梗了？！ 黑袍纠察队梗太多啦,1
二次元广场舞,,0
二次元,2023二次元热梗盘点；二次元先玩马嘉祺的梗；二次元广场舞,3
广场舞,二次元广场舞,1
国服第一打野,,0
国服,国服第一打野,1
打野,国服第一打野,1
出来XX,,0
⚡通讯兵⚡,,0
电子奸臣,,0
你知道刀削面吗,,0
知道,你知道刀削面吗,1
刀削面,你知道刀削面吗,1
没事哒,,0
特朗普被枪击！？梗图火速来袭,,0
特朗普,特朗普被枪击！？梗图火速来袭,1
枪击,特朗普被枪击！？梗图火速来袭,1
梗图,演唱会尖叫梗图原版是谁；特朗普被枪击！？梗图火速来袭,2
火速,特朗普被枪击！？梗图火速来袭,1
枪击特朗普,,0
乐意效劳,,0
看见情侣的火车头,,0
看见,瑞你看见了吗；看见情侣的火车头,2
情侣,我们的配音是情侣吗？年度梗总结在结尾；看见情侣的火车头,2
火车头,看见情侣的火车头,1
北伐,,0
火车头撞击,,0
我怕辣,,0
赛博寸止,,0
11号战歌,,0
赌核,,0
河南物语,,0
幼儿园平均年龄37,,0
幼儿园,幼儿园平均年龄37,1
平均年龄,幼儿园平均年龄37,1
AI篡改记忆,,0
AI玩梗热潮来了,,0
热潮,AI玩梗热潮来了；外网也黑五条悟？会赢哦迎来改图热潮,2
脚臭柠檬茶,,0
哈圈春晚,,0
藏狐精二立绘,,0
藏狐,玉玉寡欢、藏狐；藏狐精二立绘；藏狐耍双节棍；藏狐？背后灵？为什么这个人就和水猴子过不去了,4
精二立绘,藏狐精二立绘,1
BW&BML观前指南,,0
FUN 2 RHYME,,0
一起做大做强,,0
一起做,一起做大做强,1
做强,一起做大做强,1
宫崎英高小时候/儿子XXX,,0
宫崎英高,宫崎英高小时候/儿子XXX；宫崎英高跌上/下神坛,2
小时候,宫崎英高小时候/儿子XXX,1
儿子,做我的儿子吧；十年后你儿子问你xx；宫崎英高小时候/儿子XXX,3
赛博讨口子,,0
小猫就在冰上走走怎么就成梗了,,0
冰上走,小猫就在冰上走走怎么就成梗了,1
山东车牌之歌,,0
山东,山东车牌之歌,1
车牌,山东车牌之歌,1
之歌,山东车牌之歌,1
劝人学法，千刀万剐,,0
劝人,劝人学法，千刀万剐,1
学法,劝人学法，千刀万剐,1
千刀万剐,劝人学法，千刀万剐,1
失重感,,0
已老实求放过,,0
老实,已老实求放过,1
放过,已老实求放过,1
零帧起手,,0
劝人学医，天打雷劈,,0
劝人学医,劝人学医，天打雷劈,1
天打雷劈,劝人学医，天打雷劈,1
学英语的唯一出路就只有炒饭吗,,0
学英语,学英语的唯一出路就只有炒饭吗,1
唯一出路,学英语的唯一出路就只有炒饭吗,1
炒饭,学英语的唯一出路就只有炒饭吗,1
赛博孟德尔,,0
车牌之歌,,0
鸡爪流,,0
你会用这块空间做什么,,0
会用,你会用这块空间做什么,1
空间,你会用这块空间做什么,1
做什么,你会用这块空间做什么,1
收徒,,0
黑神话悟空破解版,,0
破解版,黑神话悟空破解版,1
震惊！学新闻后他居然变成这样,,0
震惊,震惊！学新闻后他居然变成这样,1
新闻,震惊！学新闻后他居然变成这样,1
居然,震惊！学新闻后他居然变成这样,1
变成这样,震惊！学新闻后他居然变成这样,1
涂山，我罩的，懂,,0
七月新番还没出就成梗了？！鹿乃子乃子虎视眈眈,,0
七月,七月新番还没出就成梗了？！鹿乃子乃子虎视眈眈,1
新番,七月新番还没出就成梗了？！鹿乃子乃子虎视眈眈,1
虎视眈眈,七月新番还没出就成梗了？！鹿乃子乃子虎视眈眈,1
山口山加速器,,0
山口,山口山加速器,1
加速器,山口山加速器,1
怎么滴卖你同学,,0
同学,怎么滴卖你同学,1
爆改棺材房,,0
高考段子大赏,,0
女高街景三人组,,0
女高,女高街景三人组,1
街景,女高街景三人组；谷歌街景拍下的少女们竟成改图热梗,2
三人组,女高街景三人组,1
谷歌街景拍下的少女们竟成改图热梗,,0
谷歌,谷歌街景拍下的少女们竟成改图热梗,1
拍下,谷歌街景拍下的少女们竟成改图热梗,1
少女们,谷歌街景拍下的少女们竟成改图热梗,1
竟成,5W美元定制的涩涩动画竟成外网热梗；国内装修视频竟成外网热梗？镀锌方钢！启动！镀锌方钢！再启动；川普大头照竟成外网热梗；谷歌街景拍下的少女们竟成改图热梗,4
突然爆红的外国女人表情包,,0
突然,突然爆红的外国女人表情包,1
爆红,突然爆红的外国女人表情包,1
外国,三角符文梗？马里奥电影配音阵容？外国小孩竟拿盗窃当潮流；我真的有这么坏吗？外国超人强？意大利香肠？加菲猫梗好多啊；突然爆红的外国女人表情包,3
女人,突然爆红的外国女人表情包,1
表情包,心情激动表情包的出处是哪里；犀利脸表情包原版是谁；突然爆红的外国女人表情包；网上流传的v3表情包“你妈的为什么”究竟是真是假；群里老发的小可爱表情包出自哪？这Chiikawa是个啥,5
永BAN阿狸条约,,0
鸣潮公式,,0
儿童节段子大赏,,0
儿童节,儿童节段子大赏,1
我来驾驶五条悟,,0
驾驶,我来驾驶五条悟,1
五条悟,我来驾驶五条悟,1
穷哥,,0
新世纪咒术战士,,0
新世纪,新世纪咒术战士,1
咒术,新世纪咒术战士,1
战士,新世纪咒术战士,1
你能在得了痴呆症的情况下通关XXX吗,,0
能在,你能在得了痴呆症的情况下通关XXX吗,1
痴呆症,你能在得了痴呆症的情况下通关XXX吗,1
情况下,你能在得了痴呆症的情况下通关XXX吗,1
通关,你能在得了痴呆症的情况下通关XXX吗,1
谁给我报的名,,0
国内装修视频竟成外网热梗？镀锌方钢！启动！镀锌方钢！再启动,,0
装修,国内装修视频竟成外网热梗？镀锌方钢！启动！镀锌方钢！再启动,1
镀锌,国内装修视频竟成外网热梗？镀锌方钢！启动！镀锌方钢！再启动,1
方钢,国内装修视频竟成外网热梗？镀锌方钢！启动！镀锌方钢！再启动,1
启动,国内装修视频竟成外网热梗？镀锌方钢！启动！镀锌方钢！再启动,1
再启动,国内装修视频竟成外网热梗？镀锌方钢！启动！镀锌方钢！再启动,1
Doge,,0
F1 meme,,0
喜欢XX你就尖叫,,0
尖叫,喜欢XX你就尖叫；尖叫扭曲阴暗地爬行；演唱会尖叫梗图原版是谁；猫meme?尖叫小猫？嘎嘣脆猫？怎么这么多跳舞猫梗；粉丝尖叫？柠檬米字脸？近期外网热梗来咯,5
跳蚤儿子,,0
hero死了,,0
520段子大赏,,0
粉丝尖叫？柠檬米字脸？近期外网热梗来咯,,0
粉丝,我是你XX的粉丝，可以帮你XXX；粉丝尖叫？柠檬米字脸？近期外网热梗来咯,2
柠檬,粉丝尖叫？柠檬米字脸？近期外网热梗来咯,1
米字,粉丝尖叫？柠檬米字脸？近期外网热梗来咯,1
演唱会尖叫梗图原版是谁,,0
原版,演唱会尖叫梗图原版是谁；犀利脸表情包原版是谁,2
搞点动静狗,,0
触发连招,,0
火影忍者手游NSDD,,0
火影忍者,火影忍者手游NSDD,1
手游,火影忍者手游NSDD,1
NSDD,火影忍者手游NSDD,1
演化反差,,0
电竞春晚,,0
格莱美大战优乐美,,0
格莱美,格莱美大战优乐美,1
歌手请战,,0
亚比囧囧囧,,0
复制人,,0
晚安大小姐,,0
犀利脸表情包原版是谁,,0
犀利,犀利脸表情包原版是谁,1
把B站当网盘用,,0
网盘,把B站当网盘用,1
Omg it's XXX,,0
男人中的男人,,0
大菠萝又是个,,0
大菠萝,大菠萝又是个,1
☠️兄弟认为他是高司令,,0
高司令,☠️兄弟认为他是高司令,1
欧多桑！爸爸,,0
DJ猫？干呕猫？悲伤鼠鼠？猫meme大军势不可挡,,0
DJ,DJ猫？干呕猫？悲伤鼠鼠？猫meme大军势不可挡,1
干呕,DJ猫？干呕猫？悲伤鼠鼠？猫meme大军势不可挡,1
悲伤,DJ猫？干呕猫？悲伤鼠鼠？猫meme大军势不可挡,1
鼠鼠,DJ猫？干呕猫？悲伤鼠鼠？猫meme大军势不可挡,1
meme,DJ猫？干呕猫？悲伤鼠鼠？猫meme大军势不可挡；猫meme?尖叫小猫？嘎嘣脆猫？怎么这么多跳舞猫梗,2
大军,DJ猫？干呕猫？悲伤鼠鼠？猫meme大军势不可挡,1
势不可挡,DJ猫？干呕猫？悲伤鼠鼠？猫meme大军势不可挡,1
劳动节段子大赏,,0
劳动节,劳动节段子大赏,1
私人笑声,,0
萨菲罗斯男人中的男人,,0
罗斯,萨菲罗斯男人中的男人,1
人生易如反掌,,0
人生,人生易如反掌；人生重开模拟器；妈妈，人生是旷野,3
易如反掌,人生易如反掌,1
欧金金=奶茶,,0
欧金金,,0
妈妈，人生是旷野,,0
旷野,妈妈，人生是旷野,1
颜如玉,,0
私人音效,,0
游戏方言,,0
越南海贼王,,0
哥布林文学,,0
鸵鸟会XX吗,,0
听不清楚该罚,,0
听不清楚,听不清楚该罚,1
该罚,听不清楚该罚,1
邓超out,,0
俄罗斯meme,,0
不是哥们,,0
东华金龙,,0
You are my sunshine,,0
我爱发明,,0
5:20AM,,0
🖕🏻非常美味谢谢你们🖕🏻,,0
非常美,🖕🏻非常美味谢谢你们🖕🏻,1
谢谢你们,🖕🏻非常美味谢谢你们🖕🏻,1
河南省歌,,0
大香蕉,,0
我真的有这么坏吗？外国超人强？意大利香肠？加菲猫梗好多啊,,0
超人,我真的有这么坏吗？外国超人强？意大利香肠？加菲猫梗好多啊；独步，我的超人,2
意大利,我真的有这么坏吗？外国超人强？意大利香肠？加菲猫梗好多啊,1
香肠,我真的有这么坏吗？外国超人强？意大利香肠？加菲猫梗好多啊,1
加菲猫,我真的有这么坏吗？外国超人强？意大利香肠？加菲猫梗好多啊,1
好多,我真的有这么坏吗？外国超人强？意大利香肠？加菲猫梗好多啊,1
我要迪士尼,,0
Gotta Lock In,,0
谢帝我要迪士尼,,0
迪士尼,谢帝我要迪士尼；迪士尼法务部,2
控告律师,,0
XX或者唱中文歌？又一首中文歌在外网爆火,,0
或者唱,XX或者唱中文歌？又一首中文歌在外网爆火,1
中文,XX或者唱中文歌？又一首中文歌在外网爆火,1
一首,"XX或者唱中文歌？又一首中文歌在外网爆火；说谎的人要吞一千根针,姿态的一首《说谎》直接让耳朵怀孕",2
你的钢门比较松弛,,0
钢门,你的钢门比较松弛,1
比较松,你的钢门比较松弛,1
suno是个啥玩意？这么简单就能生成音乐,,0
suno,suno是个啥玩意？这么简单就能生成音乐,1
玩意,suno是个啥玩意？这么简单就能生成音乐,1
能生,suno是个啥玩意？这么简单就能生成音乐,1
音乐,suno是个啥玩意？这么简单就能生成音乐；外网音乐梗合集！听到口哨声就会有一个男人出现；这才是真正的音乐,3
沟子文学,,0
梗指南首次露脸？！一个机器人终于决定出镜了,,0
首次,梗指南首次露脸？！一个机器人终于决定出镜了,1
露脸,梗指南首次露脸？！一个机器人终于决定出镜了,1
终于,梗指南首次露脸？！一个机器人终于决定出镜了,1
决定出,梗指南首次露脸？！一个机器人终于决定出镜了,1
SU7段子大赏,,0
超yue自我,,0
豪大大鸡排,,0
普通人,,0
学新闻学的,,0
奎桑提的神秘商店,,0
奎桑提,奎桑提的神秘商店；这就是奎桑提,2
神秘商店,奎桑提的神秘商店,1
浓人和淡人又是个,,0
人和,浓人和淡人又是个,1
我打宿傩,,0
超yue自我！不卸原神,,0
yue,超yue自我！不卸原神,1
原神,个人感觉没原神好··画质；超yue自我！不卸原神,2
生气猫、委屈猫,,0
生气猫,生气猫、委屈猫,1
委屈,我能受这委屈吗；生气猫、委屈猫,2
做我的儿子吧,,0
Steam义子,,0
云南打歌,,0
骷髅打金服,,0
打歌,,0
名字超长的外网梗？老外怎么被这种梗给硬控了,,0
名字,名字超长的外网梗？老外怎么被这种梗给硬控了,1
超长,名字超长的外网梗？老外怎么被这种梗给硬控了,1
硬控,名字超长的外网梗？老外怎么被这种梗给硬控了,1
315段子大赏,,0
这还是国内吗,,0
相亲百分百胜率rap,,0
相亲,相亲百分百胜率rap,1
百分百胜率,相亲百分百胜率rap,1
rap,相亲百分百胜率rap,1
时间差不多咯,,0
时间差,时间差不多咯,1
四处征兵的男人,,0
四处,四处征兵的男人,1
征兵,到处征兵的男人；四处征兵的男人,2
到处征兵的男人,,0
全球发音,,0
血洗礼堂？新造的人？周处除三害有,,0
血洗,血洗礼堂？新造的人？周处除三害有,1
礼堂,血洗礼堂？新造的人？周处除三害有,1
新造,血洗礼堂？新造的人？周处除三害有,1
周处,血洗礼堂？新造的人？周处除三害有,1
三害,血洗礼堂？新造的人？周处除三害有,1
姚安娜式搜点,,0
姚安娜,姚安娜式搜点,1
猫meme?尖叫小猫？嘎嘣脆猫？怎么这么多跳舞猫梗,,0
嘎嘣脆,猫meme?尖叫小猫？嘎嘣脆猫？怎么这么多跳舞猫梗,1
怎么这么多,猫meme?尖叫小猫？嘎嘣脆猫？怎么这么多跳舞猫梗,1
杨颖霉霉,,0
兔子洞,,0
不要带走福宝,,0
要带,不要带走福宝,1
二次元先玩马嘉祺的梗,,0
臀部翘到可以顶起XX,,0
臀部,臀部翘到可以顶起XX,1
顶起,翘到可以顶起XX；臀部翘到可以顶起XX,2
哈哈你是我的啦,,0
翘到可以顶起XX,,0
姐弟格斗,,0
扣税国王,,0
扣税“国王,,0
阎王点卯,,0
AI威尔史密斯吃意面,,0
威尔,AI威尔史密斯吃意面；奥斯卡直播事故！威尔史密斯打脸,2
史密斯,AI威尔史密斯吃意面；M1917美国制史密斯维森；奥斯卡直播事故！威尔史密斯打脸,3
意面,AI威尔史密斯吃意面,1
这才是真正的音乐,,0
才是真正,谁才是真正的英雄；这才是真正的音乐,2
春山学,,0
小丑的小曲,,0
春山学？小尼穿帮？十天过去了春晚梗还有人在意吗,,0
春山,春山学？小尼穿帮？十天过去了春晚梗还有人在意吗,1
穿帮,春山学？小尼穿帮？十天过去了春晚梗还有人在意吗,1
十天,春山学？小尼穿帮？十天过去了春晚梗还有人在意吗,1
过去,春山学？小尼穿帮？十天过去了春晚梗还有人在意吗,1
人在,春山学？小尼穿帮？十天过去了春晚梗还有人在意吗,1
应声虫,,0
I Drive,,0
高速运转的机械进入中国,,0
高速运转,高速运转的机械；高速运转的机械进入中国,2
机械,高速运转的机械；高速运转的机械进入中国,2
进入中国,高速运转的机械进入中国,1
高速运转的机械,,0
听不懂思密达？丛林土鳖？请求支援？！这就是梗出没吗,,0
听不懂,听不懂思密达？丛林土鳖？请求支援？！这就是梗出没吗,1
思密达,听不懂思密达？丛林土鳖？请求支援？！这就是梗出没吗,1
丛林,听不懂思密达？丛林土鳖？请求支援？！这就是梗出没吗,1
土鳖,听不懂思密达？丛林土鳖？请求支援？！这就是梗出没吗,1
请求,听不懂思密达？丛林土鳖？请求支援？！这就是梗出没吗,1
支援,听不懂思密达？丛林土鳖？请求支援？！这就是梗出没吗,1
情人节段子大赏,,0
情人节,情人节段子大赏,1
崩溃XX,,0
兄弟，你好香,,0
我有四不吃,,0
我有四不X,,0
XX，男人最好的医美,,0
最好,XX，男人最好的医美,1
医美,XX，男人最好的医美,1
春节段子大赏,,0
春节,春节段子大赏,1
里奥哟西,,0
赛博硅孙,,0
里奥·哟西,,0
马云你听我说,,0
马云,马云你听我说,1
听我说,听我说谢谢你；马云你听我说,2
兄弟你好香,,0
无牙仔跳舞,,0
我真的变成XX了吗,,0
变成,我真的变成XX了吗,1
听泉猫,,0
我太想进步了,,0
太想,我太想进步了,1
进步,我太想进步了,1
2023二次元热梗盘点,,0
外网爆火的恐怖初音,,0
恐怖,外网爆火的恐怖初音,1
贴膜游戏,,0
5W美元定制的涩涩动画竟成外网热梗,,0
5W,5W美元定制的涩涩动画竟成外网热梗,1
美元,5W美元定制的涩涩动画竟成外网热梗,1
定制,5W美元定制的涩涩动画竟成外网热梗,1
涩涩,5W美元定制的涩涩动画竟成外网热梗,1
动画,5W美元定制的涩涩动画竟成外网热梗,1
你真是饿了,,0
山竹醇,,0
我不在乎这些xx不喜欢我,,0
在乎,我不在乎这些xx不喜欢我,1
我爱说实话，铁铁,,0
爱说,我爱说实话，铁铁,1
实话,我爱说实话，铁铁,1
新鲜哥？chipi猫？爆笑猫？芝士汉堡？近期热门猫梗又来啦,,0
新鲜,新鲜哥？chipi猫？爆笑猫？芝士汉堡？近期热门猫梗又来啦,1
chipi,新鲜哥？chipi猫？爆笑猫？芝士汉堡？近期热门猫梗又来啦,1
爆笑,新鲜哥？chipi猫？爆笑猫？芝士汉堡？近期热门猫梗又来啦,1
芝士汉堡,新鲜哥？chipi猫？爆笑猫？芝士汉堡？近期热门猫梗又来啦,1
我爱说实话,,0
鹅猪大战,,0
农场主模拟器,,0
农场主,农场主模拟器,1
模拟器,人生重开模拟器；农场主模拟器,2
紫微星,,0
刘德华解冻,,0
清汤大老爷,,0
还是PVP大佬,,0
闭嘴！我爸爸在XX上班,,0
闭嘴,闭嘴！我爸爸在XX上班,1
爸爸,你爸爸喜欢吃什么；我爸爸在夏威夷教我的；浩浩不能没有爸爸；连我爸爸都没打过我；闭嘴！我爸爸在XX上班,5
上班,闭嘴！我爸爸在XX上班,1
浇给,,0
农业大摸底,,0
龙鸣联赛,,0
我这一生如履薄冰,,0
一生,我这一生如履薄冰,1
薄冰,我这一生如履薄冰,1
中国河狸”居然在外网火了？我失去的东西我一定要拿回来,,0
河狸,中国河狸”居然在外网火了？我失去的东西我一定要拿回来,1
居然在,中国河狸”居然在外网火了？我失去的东西我一定要拿回来,1
失去,中国河狸”居然在外网火了？我失去的东西我一定要拿回来,1
东西,中国河狸”居然在外网火了？我失去的东西我一定要拿回来；刻在NDA里的东西？别刻了DNA都满了；知网是什么东西,3
一定要,中国河狸”居然在外网火了？我失去的东西我一定要拿回来,1
拿回来,中国河狸”居然在外网火了？我失去的东西我一定要拿回来,1
对焦测试员、摇摆拳法,,0
对焦,对焦测试员、摇摆拳法,1
测试员,对焦测试员、摇摆拳法,1
摇摆,对焦测试员、摇摆拳法,1
拳法,对焦测试员、摇摆拳法,1
对焦测试员,,0
霍金奔向萝莉岛,,0
霍金,霍金奔向萝莉岛,1
萝莉,霍金奔向萝莉岛,1
鹰爪功,,0
恐怖米老鼠,,0
古希腊掌管XX的神,,0
古希腊,古希腊掌管XX的神,1
掌管,古希腊掌管XX的神；染上xx和古埃及掌管xx的神,2
突然出现在主页的某吧,,0
主页,突然出现在主页的某吧,1
冷门歌手,,0
南方小土豆,,0
金牌讲师,丁胖子金牌讲师,1
钵~钵鸡,,0
我们的配音是情侣吗？年度梗总结在结尾,,0
配音,三角符文梗？马里奥电影配音阵容？外国小孩竟拿盗窃当潮流；我们的配音是情侣吗？年度梗总结在结尾,2
结尾,我们的配音是情侣吗？年度梗总结在结尾,1
狼王跳舞,,0
三次元桂乃芬,,0
三次元,三次元桂乃芬,1
跨年段子大赏,,0
跨年,跨年段子大赏,1
染上xx和古埃及掌管xx的神,,0
染上,染上xx和古埃及掌管xx的神,1
古埃及,染上xx和古埃及掌管xx的神,1
你染上XX了,,0
超烦蜘蛛侠,,0
2023热梗年度总结,,0
解冻刘德华,,0
被知识侵犯,,0
人人都在爆发的S属性是什么东西,,0
人人,人人都在爆发的S属性是什么东西,1
爆发,人人都在爆发的S属性是什么东西,1
属性,人人都在爆发的S属性是什么东西,1
什么东西,人人都在爆发的S属性是什么东西；杀人篮球是什么东西；杂交叫兽是什么东西；物资掠夺者是什么东西；电子木鱼是什么东西；网课小丑是什么东西,6
丁胖子金牌讲师,,0
胖子,丁胖子金牌讲师,1
16种人格真的能概括70亿人吗,,0
人格,16种人格真的能概括70亿人吗,1
概括,16种人格真的能概括70亿人吗,1
亿人,16种人格真的能概括70亿人吗,1
科目三还是极乐净土？年度之舞是,,0
科目,科目三还是极乐净土？年度之舞是,1
极乐净土,科目三还是极乐净土？年度之舞是,1
之舞,科目三还是极乐净土？年度之舞是,1
恐龙到底能不能扛狼,,0
恐龙,恐龙到底能不能扛狼,1
能扛,恐龙到底能不能扛狼,1
AI尽头是宇宙,,0
九转大肠为什么用的是猪大肠,,0
九转大肠,九转大肠为什么用的是猪大肠；原味九转大肠；顶级厨师九转大肠,3
什么用,九转大肠为什么用的是猪大肠,1
猪大肠,九转大肠为什么用的是猪大肠,1
外网音乐梗合集！听到口哨声就会有一个男人出现,,0
口哨声,外网音乐梗合集！听到口哨声就会有一个男人出现,1
一个男人,外网音乐梗合集！听到口哨声就会有一个男人出现,1
出现,外网音乐梗合集！听到口哨声就会有一个男人出现,1
大叔刷爆朋友圈,,0
大叔,大叔刷爆朋友圈,1
刷爆,大叔刷爆朋友圈；闻会军是谁？竟一夜之间刷爆朋友圈,2
朋友圈,大叔刷爆朋友圈；闻会军是谁？竟一夜之间刷爆朋友圈,2
闻会军是谁？竟一夜之间刷爆朋友圈,,0
一夜之间,闻会军是谁？竟一夜之间刷爆朋友圈,1
返场八一式阿波罗,,0
八一,返场八一式阿波罗,1
阿波罗,返场八一式阿波罗,1
战斗！爽,,0
阿米诺斯,,0
大——声——发,,0
猫猫对话,,0
大方承认吧！您最爱的游戏,,0
大方,大方承认吧！您最爱的游戏,1
承认,大方承认吧！您最爱的游戏；我承认阁下很强,2
最爱,大方承认吧！您最爱的游戏,1
游戏,大方承认吧！您最爱的游戏；我们的游戏正在蒸蒸日上；运营不存在的游戏,3
大声发,,0
完蛋，我被RO玩家包围啦,,0
完蛋,完蛋，我被RO玩家包围啦,1
RO,完蛋，我被RO玩家包围啦,1
迪士尼法务部,,0
法务部,迪士尼法务部,1
忆昔当年泪不干,,0
当年,忆昔当年泪不干,1
乐坛翟天临,,0
赛博灯泡,,0
饺子饺子子饺饺子？饺子！饺子,,0
饺子,饺子饺子子饺饺子？饺子！饺子,1
皮卡堂文学,,0
还有高手,,0
少萝,,0
齿轮骑士,,0
爆火外网的致命公司有,,0
致命,爆火外网的致命公司有,1
公司,爆火外网的致命公司有,1
极品少萝,,0
不要小看我的情报网,,0
要小,不要小看我的情报网,1
情报网,不要小看我的情报网,1
吗喽,,0
连一刻也没有为XX哀悼,,0
一刻,连一刻也没有为XX哀悼；那一刻他变成了光,2
哀悼,连一刻也没有为XX哀悼,1
断头台阿乌拉,,0
断头台,断头台阿乌拉,1
乌拉,断头台阿乌拉,1
高校评分,,0
原来那位战棋老前辈也有梗啊,,0
原来,原来是小别扇；原来那位战棋老前辈也有梗啊,2
老前辈,原来那位战棋老前辈也有梗啊,1
刚满十八岁,,0
唐妞不等式,,0
麦克阿瑟,,0
刘青松圣经,,0
内向父女,,0
东北儿歌,,0
外网也黑五条悟？会赢哦迎来改图热潮,,0
黑五,外网也黑五条悟？会赢哦迎来改图热潮,1
会赢,外网也黑五条悟？会赢哦迎来改图热潮,1
迎来,外网也黑五条悟？会赢哦迎来改图热潮,1
瑶瑶领先,,0
群里老发的小可爱表情包出自哪？这Chiikawa是个啥,,0
群里,群里老发的小可爱表情包出自哪？这Chiikawa是个啥,1
小可爱,群里老发的小可爱表情包出自哪？这Chiikawa是个啥,1
Chiikawa,群里老发的小可爱表情包出自哪？这Chiikawa是个啥,1
刚满18岁,,0
震惊张艺谋,,0
科目三,,0
稀世珍宝,,0
精忠报国,,0
这框真帅吧,,0
稀~世~珍~宝,,0
家长文学,,0
菜就多练,,0
计划有变XXXX,,0
58同城哥,,0
冒充职业选手,,0
冒充,冒充职业选手,1
职业选手,冒充职业选手,1
浩浩不能没有爸爸,,0
浩浩,浩浩不能没有爸爸,1
万梗节,,0
汗流浃背了吧老弟,,0
汗流浃背,汗流浃背了吧老弟,1
老弟,汗流浃背了吧老弟,1
当代华佗,,0
吕布骑狗,,0
骡马假日,,0
导员破防曲,,0
神奇数字马戏团有,,0
神奇数字,神奇数字马戏团有,1
马戏团,神奇数字马戏团有,1
😨震惊张艺谋,,0
jiafei,,0
双11省学,,0
省钱侠,,0
我不吃牛肉,,0
加油啊，1000星琼,,0
OOTD,,0
夜神月推行实名制,,0
夜神月,夜神月推行实名制,1
推行,夜神月推行实名制,1
实名制,夜神月推行实名制,1
Huh猫和吐舌羊,,0
佛山电翰,,0
完颜慧德、拱出去、笑拥了,,0
完颜慧德,完颜慧德、拱出去、笑拥了,1
拱出,完颜慧德、拱出去、笑拥了,1
CF领先十年,,0
CS2的bug成了梗？这下被CF领先了,,0
CS2,CS2的bug成了梗？这下被CF领先了,1
bug,CS2的bug成了梗？这下被CF领先了,1
CF,CS2的bug成了梗？这下被CF领先了,1
领先,CS2的bug成了梗？这下被CF领先了,1
Huh猫,,0
赌狗快摇,,0
伊藤诚：我没意见,,0
伊藤诚,伊藤诚：我没意见,1
意见,伊藤诚：我没意见,1
鳄鱼VS黑人,,0
i人e人,,0
坐杀博徒,,0
萝莉摇,,0
四金一铜,,0
哦嗨哟学妹,,0
乡村海贼王,,0
被外网捧杀的神乐槌,,0
捧杀,被外网捧杀的神乐槌,1
神乐,被外网捧杀的神乐槌,1
逃吧挚爱,,0
危险”萝卜刀,,0
花少北落水,,0
你现在开心了吧,,0
现在,你现在开心了吧；现在是幻想时间,2
开心,你现在开心了吧,1
3+7=8,,0
麦当劳引起的外网骂战梗？这也要政治正确,,0
麦当劳,麦当劳引起的外网骂战梗？这也要政治正确,1
引起,麦当劳引起的外网骂战梗？这也要政治正确,1
骂战,麦当劳引起的外网骂战梗？这也要政治正确,1
政治正确,麦当劳引起的外网骂战梗？这也要政治正确,1
乌蒙山连着山外山,,0
乌蒙山,乌蒙山连着山外山,1
山外山,乌蒙山连着山外山,1
nerd,,0
I人和E人,,0
稳了都稳了，跟上暴叔的节奏,,0
跟上,稳了都稳了，跟上暴叔的节奏,1
节奏,稳了都稳了，跟上暴叔的节奏,1
蓝精灵猫,,0
三国杀XX,,0
帮帮我！XX先生,,0
2.5条悟,,0
墨西哥外星人,,0
墨西哥,墨西哥外星人,1
14发滋崩,,0
左眼忘记你右眼记住你,,0
左眼,左眼忘记你右眼记住你,1
忘记,左眼忘记你右眼记住你,1
右眼,左眼忘记你右眼记住你,1
记住,左眼忘记你右眼记住你,1
奢香夫人,,0
刘德华为什么很少演反派,,0
刘德华,刘德华为什么很少演反派,1
很少,刘德华为什么很少演反派,1
演反派,刘德华为什么很少演反派,1
第一舞见葵葵,,0
Red Flags,,0
我需要更多子弹,,0
需要,我需要更多子弹；星穹铁道真的需要这么多梗吗,2
更多,我需要更多子弹,1
子弹,我需要更多子弹,1
one more thing,,0
哪里贵了,,0
美式男,,0
中铁大案,,0
花西子,,0
变化之神,,0
星空有,,0
请XX无条件归还XX,,0
无条件,请XX无条件归还XX,1
我姓石,,0
稳了,,0
地铁判官,,0
oi,,0
我服了爸爸,,0
遥遥领先,,0
oi电波,,0
嘻哈酷老头,,0
屌丝饮料,,0
每日一题防止聪明,,0
每日,每日一题防止聪明,1
一题,每日一题防止聪明,1
防止,每日一题防止聪明；防止小孩误食,2
聪明,每日一题防止聪明,1
川普大头照竟成外网热梗,,0
川普,川普大头照竟成外网热梗,1
大头照,川普大头照竟成外网热梗,1
我阴暗世界里的小太阳,,0
阴暗,尖叫扭曲阴暗地爬行；我阴暗世界里的小太阳,2
世界里,我阴暗世界里的小太阳,1
小太阳,我阴暗世界里的小太阳,1
24号前24号后,,0
狗罕见,,0
哦嗨哟，学妹,,0
手游圈TF,,0
爱丽丝速通XXX,,0
夏令营兵王,,0
819战斗之夜,,0
中国大力王秀才,,0
大力,中国大力王秀才,1
秀才,中国大力王秀才,1
哈基米,,0
令人不安和令人心安的猫,,0
令人不安,令人不安和令人心安的猫,1
令人,令人不安和令人心安的猫,1
心安,令人不安和令人心安的猫,1
爸爸的雷达,,0
ew ew ew,,0
果真是你,,0
快给我变,,0
尊嘟假嘟,,0
彼瘾犯了,,0
西西弗斯,,0
TF十周年段子大赏,,0
TF,TF十周年段子大赏,1
十周年,TF十周年段子大赏,1
沙勒知名教师,,0
知名,沙勒知名教师,1
教师,沙勒知名教师,1
奔驰打野,,0
这么玩是吧,,0
刺激战场手势舞,,0
刺激,刺激战场手势舞,1
战场,刺激战场手势舞,1
本视频收益全部XX,,0
收益,本视频收益全部XX,1
全部,本视频收益全部XX,1
升舱的钱我来出,,0
升舱,升舱的钱我来出,1
撞火佛祖,,0
GG Bond被抓走了,,0
BW段子大赏,,0
星期一猫猫头,,0
星期一,星期一猫猫头,1
猫猫头,星期一猫猫头,1
恐龙扛狼,,0
一种基于XX的彩虹六号直播方法,,0
一种,一种基于XX的彩虹六号直播方法,1
基于,一种基于XX的彩虹六号直播方法,1
彩虹六号,一种基于XX的彩虹六号直播方法,1
直播,一种基于XX的彩虹六号直播方法；奥斯卡直播事故！威尔史密斯打脸,2
方法,一种基于XX的彩虹六号直播方法,1
贴吧攻陷,,0
命运的齿轮开始转动,,0
命运,命运的齿轮开始转动,1
齿轮,命运的齿轮开始转动,1
开始,命运的齿轮开始转动,1
转动,命运的齿轮开始转动,1
时光代刀人,,0
消失的坤,,0
你爸爸喜欢吃什么,,0
喜欢吃什么,你爸爸喜欢吃什么,1
张博自愿开学,,0
张博,张博自愿开学,1
自愿开学,张博自愿开学,1
逆天寒,,0
Virtual Insanity,,0
鹤岗一套房,,0
彩六直播,,0
日本生可乐,,0
豪情在天,,0
奎桑提圣经,,0
萨卡班甲鱼,,0
张敏便利店,,0
这就是奎桑提,,0
爽滑慢舔,,0
山河大学,,0
杀人奶昔,,0
外网爆火的杀人奶昔,,0
杀人,外网爆火的杀人奶昔；杀人篮球是什么东西,2
奶昔,外网爆火的杀人奶昔,1
陈印泉的废话文学,,0
陈印泉,陈印泉的废话文学,1
废话文学,陈印泉的废话文学,1
鸡你胎没,,0
泰坦号潜艇,,0
鱼越大鱼越小,,0
越大,鱼越大鱼越小,1
越小,鱼越大鱼越小,1
端午节段子大赏,,0
端午节,端午节段子大赏,1
谁问你了,,0
S属性爆发,,0
热带风味冰红茶,,0
热带风味,热带风味冰红茶,1
冰红茶,冰红茶 -东百往事；热带风味冰红茶,2
蜘蛛侠纵横宇宙外网那边有,,0
纵横,蜘蛛侠纵横宇宙外网那边有,1
嗨我是癫佬,,0
京糖夫妇,,0
别管我！叮,,0
柯学,,0
电子宠物,,0
S/M属性大爆发,,0
肌肉波特,,0
瑞你看见了吗,,0
🤣👉 神之一指,,0
弱智吧有,,0
🤣👉？挖呀挖？带崽青蛙？五月梗查缺补漏,,0
挖呀挖,🤣👉？挖呀挖？带崽青蛙？五月梗查缺补漏,1
青蛙,🤣👉？挖呀挖？带崽青蛙？五月梗查缺补漏,1
五月,🤣👉？挖呀挖？带崽青蛙？五月梗查缺补漏,1
补漏,🤣👉？挖呀挖？带崽青蛙？五月梗查缺补漏,1
我黑不黑怕关你屁事,,0
关你屁事,我黑不黑怕关你屁事,1
我有一道自制的小菜,,0
一道,我有一道自制的小菜,1
自制,我有一道自制的小菜,1
小菜,我有一道自制的小菜,1
普通话考试最后一题,,0
普通话,普通话考试最后一题,1
考试,普通话考试最后一题,1
最后一题,普通话考试最后一题,1
曹操撤回了一碗饭,,0
曹操,曹操撤回了一碗饭,1
撤回,曹操撤回了一碗饭,1
一碗饭,曹操撤回了一碗饭,1
劳改蛋,,0
披萨塔尖叫,,0
你人还怪好嘞,,0
人还怪好嘞,你人还怪好嘞,1
平底锅文学,,0
你管得着吗,,0
英雄联盟史上最牛b的采访,,0
英雄联盟,英雄联盟史上最牛b的采访；英雄联盟设计师；英雄联盟马服,3
史上最,英雄联盟史上最牛b的采访,1
采访,英雄联盟史上最牛b的采访；采访第一个出考场的XX,2
原神哥喜提冠军皮肤？为什么他会选择崩坏3里的爱莉希雅呢,,0
原神哥,原神哥喜提冠军皮肤？为什么他会选择崩坏3里的爱莉希雅呢,1
喜提,原神哥喜提冠军皮肤？为什么他会选择崩坏3里的爱莉希雅呢；鹿哥喜提二手车,2
冠军,原神哥喜提冠军皮肤？为什么他会选择崩坏3里的爱莉希雅呢；淄博冠军王喜顺,2
会选,原神哥喜提冠军皮肤？为什么他会选择崩坏3里的爱莉希雅呢,1
崩坏,原神哥喜提冠军皮肤？为什么他会选择崩坏3里的爱莉希雅呢,1
爱莉希雅,原神哥喜提冠军皮肤？为什么他会选择崩坏3里的爱莉希雅呢,1
林克竞选弱智吧主,,0
林克,林克竞选弱智吧主,1
竞选,林克竞选弱智吧主,1
弱智,林克竞选弱智吧主,1
特种兵式旅游,,0
早C晚A,,0
临时抱佛脚,,0
紫米面包犹如汉堡,,0
紫米,紫米面包犹如汉堡,1
面包,紫米面包犹如汉堡,1
犹如,紫米面包犹如汉堡,1
汉堡,紫米面包犹如汉堡,1
很喜欢XX玩家的一句话,,0
很喜欢,很喜欢XX玩家的一句话,1
一句话,很喜欢XX玩家的一句话,1
曹操盖饭,,0
老大驾到,,0
偷盘哥,,0
小胖孩绷不住了,,0
小胖,小胖孩绷不住了,1
绷不住,小胖孩绷不住了,1
啊,,0
挖呀挖呀挖,,0
星穹铁道里的梗要不要这么多,,0
星穹铁道,星穹铁道真的需要这么多梗吗；星穹铁道里的梗要不要这么多,2
要不要,星穹铁道里的梗要不要这么多,1
猫鼠队,,0
乌龟大师仙逝,,0
乌龟,乌龟大师仙逝,1
大师,乌龟大师仙逝,1
仙逝,乌龟大师仙逝,1
CP29段子大赏,,0
干货！如何分辨xx和xx,,0
干货,干货！如何分辨xx和xx,1
我能站在这你能吗,,0
能站在,我能站在这你能吗,1
星穹铁道真的需要这么多梗吗,,0
我承认阁下很强,,0
阁下,我承认阁下很强,1
很强,我承认阁下很强,1
After Like,,0
华语乐坛新四大天王,,0
华语乐坛,华语乐坛新四大天王,1
四大天王,华语乐坛新四大天王,1
雪distance,,0
斐济杯仙人,,0
泰裤辣,,0
oiiaioooooiai,,0
大力王,,0
冰歧淋,,0
这件事情泰裤辣,,0
件事情,这件事情泰裤辣,1
X门,,0
持枪小呆呆,,0
万物皆可Dee,,0
香蕉猫还在哭？Oiiaioooooiai？讲不完的猫梗,,0
香蕉猫,香蕉猫还在哭？Oiiaioooooiai？讲不完的猫梗,1
在哭,香蕉猫还在哭？Oiiaioooooiai？讲不完的猫梗,1
Oiiaioooooiai,香蕉猫还在哭？Oiiaioooooiai？讲不完的猫梗,1
七十二变怎么样的变,,0
七十二变,七十二变怎么样的变,1
更适合中国宝宝体质的XX,,0
更适合,更适合中国宝宝体质的XX,1
宝宝,地下宝宝巴士；更适合中国宝宝体质的XX,2
体质,更适合中国宝宝体质的XX,1
正版极限国度,,0
正版,正版极限国度,1
极限国度,正版极限国度,1
Wojak大战熊猫人,,0
双倍给下一个人,,0
双倍,双倍给下一个人,1
下一个人,双倍给下一个人,1
强风大背头,,0
泰瑞尔都有,,0
Happy猫,,0
我是你XX的粉丝，可以帮你XXX,,0
互联网大佛,,0
万能背锅侠,,0
吴京被电击,,0
无敌战神＞婆罗门,,0
婆罗门,无敌战神＞婆罗门,1
外外外星人,,0
佳能400d,,0
这是围棋吗,,0
达利安造船厂,,0
造船厂,达利安造船厂,1
林克手工耿,,0
happy猫？臭猫？近期热门猫梗一次看个够,,0
happy,happy猫？臭猫？近期热门猫梗一次看个够,1
臭猫,happy猫？臭猫？近期热门猫梗一次看个够,1
一次,happy猫？臭猫？近期热门猫梗一次看个够,1
看个够,happy猫？臭猫？近期热门猫梗一次看个够,1
无论它是对是错,,0
无论,无论它是对是错,1
打虎相机、佳能400D,,0
打虎,打虎相机、佳能400D,1
相机,打虎相机、佳能400D,1
佳能,打虎相机、佳能400D,1
400D,打虎相机、佳能400D,1
XX这么可爱真是抱歉,,0
可爱,XX这么可爱真是抱歉,1
黑美人鱼,,0
外卖练习生,,0
韦一敏效应,,0
把XX练到极致,,0
沃尔玛购物袋,,0
沃尔玛,沃尔玛购物袋,1
购物袋,沃尔玛购物袋,1
川木传,,0
你可算问对人了,,0
可算,你可算问对人了；唐可可是谁？日本动漫里可算有了对味的中国人,2
对人,你可算问对人了,1
哦啊啊哎哎,,0
Dinner特效,,0
啊啊诶哦啊啊,,0
西瓜条,,0
川哥指哪我打哪，我爸说啥我听啥,,0
川哥,川哥指哪我打哪；川哥指哪我打哪，我爸说啥我听啥,2
十年后你儿子问你xx,,0
十年后,十年后你儿子问你xx,1
这是什么地方,,0
什么地方,这是什么地方,1
惊艳外网的披萨塔有,,0
惊艳,惊艳外网的披萨塔有,1
川哥指哪我打哪,,0
茶叶蛋,,0
孔乙己的长衫,,0
孔乙己,孔乙己的长衫,1
长衫,孔乙己的长衫,1
芝顿,,0
芝顿~芝顿,,0
地下宝宝巴士,,0
地下,地下宝宝巴士,1
巴士,地下宝宝巴士,1
Animan Studios,,0
唠嗑区,,0
DNF宝宝巴士,,0
等会你要去哪里,,0
等会,等会你要去哪里,1
要去哪里,等会你要去哪里,1
奶嗝文学,,0
XX是一个魁梧女子,,0
魁梧,XX是一个魁梧女子,1
女子,XX是一个魁梧女子,1
Ai美国总统打游戏,,0
Ai,Ai美国总统打游戏,1
美国总统,Ai美国总统打游戏,1
打游戏,Ai美国总统打游戏,1
wojak,,0
变态冰箱,,0
爱如火,,0
杂交叫兽是什么东西,,0
杂交,杂交叫兽是什么东西,1
叫兽,杂交叫兽是什么东西,1
我放弃了xx，我原本想xx,,0
放弃,我放弃了xx，我原本想xx,1
原本,我放弃了xx，我原本想xx,1
恶魔特效,,0
催眠AI,,0
蝉鸣文学,,0
甜美的空气,,0
Sigma表情,,0
无表情love,,0
sigma表情,,0
阳光开朗大男孩,,0
阳光开朗,阳光开朗大男孩,1
大男孩,阳光开朗大男孩,1
马兆海鸥,,0
青海摇,,0
英雄联盟马服,,0
↑ ↓ ↑ → ← → ← →,,0
长鼻狗,,0
给我玩XXX,,0
电影院睡了三个小时,,0
电影院,电影院睡了三个小时,1
三个小时,电影院睡了三个小时,1
门外明明是秋的味道,,0
门外,门外明明是秋的味道,1
明明,门外明明是秋的味道,1
秋的味,门外明明是秋的味道,1
绝望的文盲,,0
鼠鼠文学,,0
原味九转大肠,,0
原味,原味九转大肠,1
顶级厨师九转大肠,,0
顶级,顶级厨师九转大肠,1
厨师,顶级厨师九转大肠,1
十字手变身,,0
调大休,,0
谢谢龙兔兔,,0
暴雪绿茶,,0
银行不妙曲,,0
战鹰是谁？棋手还是骑手,,0
战鹰,战鹰是谁？棋手还是骑手,1
棋手,战鹰是谁？棋手还是骑手,1
骑手,战鹰是谁？棋手还是骑手,1
夜の踊りXX,,0
万柳书院少爷,,0
万柳书院,万柳书院少爷,1
少爷,万柳书院少爷,1
老马啊,,0
加州女孩,,0
老马啊老马,,0
可颂猫,,0
Quaso,,0
2-16,,0
把阎魔刀给我,,0
魔刀,把阎魔刀给我,1
远方传来风笛,,0
妈妈生的,,0
R星出品，必属精品,,0
出品,R星出品，必属精品,1
精品,R星出品，必属精品,1
卡布叻男团,,0
大妈掏出烧饼,,0
大妈,大妈掏出烧饼,1
掏出,大妈掏出烧饼,1
烧饼,大妈掏出烧饼,1
中国人不蹦洋迪,,0
孙国帅是谁？答辩怎么就火了,,0
孙国帅,孙国帅是谁？答辩怎么就火了,1
答辩,孙国帅是谁？答辩怎么就火了,1
不辣椒响乐,,0
2022热梗年度总结,,0
nia～nia～nia,,0
牛姐的养老保险,,0
养老保险,牛姐的养老保险,1
那年我双手插兜,,0
双手,那年我双手插兜,1
插兜,那年我双手插兜,1
布洛芬小红人,,0
布洛芬,小人起舞？布洛芬小红人；布洛芬小红人,2
小红,小人起舞？布洛芬小红人；布洛芬小红人,2
xx有后坐，打枪更快乐,,0
后坐,xx有后坐，打枪更快乐,1
打枪,xx有后坐，打枪更快乐,1
更快乐,xx有后坐，打枪更快乐,1
小人起舞？布洛芬小红人,,0
小人,小人起舞？布洛芬小红人,1
起舞,小人起舞？布洛芬小红人,1
宝鹃我的嗓子,,0
嗓子,宝鹃我的嗓子,1
太痛苦了,,0
长安汽车,,0
给你俩窝窝,,0
真的想听到你们说话,,0
真的想,真的想听到你们说话,1
说话,真的想听到你们说话,1
牛姐解冻,,0
物资掠夺者是什么东西,,0
物资,物资掠夺者是什么东西,1
掠夺者,物资掠夺者是什么东西,1
黄桃罐头怎么火了,,0
黄桃罐头,黄桃罐头怎么火了,1
世界杯段子大赏,,0
世界杯,世界杯段子大赏；太多意想不到，世界杯梗合集,2
刚刚在那边看到你,,0
刚刚在,刚刚在那边看到你,1
边看,刚刚在那边看到你,1
肉鸡队长,,0
TGA上的红灵入侵,,0
入侵,TGA上的红灵入侵；steam掌机？海绵宝宝加入大乱斗？最近舞蹈区竟惨遭外星人入侵,2
臣妾要告发,,0
杨迪厌世脸,,0
迪宇宙,,0
外国人惊呆，腾讯的AI绘画在外网成了梗,,0
惊呆,外国人惊呆，腾讯的AI绘画在外网成了梗,1
腾讯,外国人惊呆，腾讯的AI绘画在外网成了梗,1
绘画,外国人惊呆，腾讯的AI绘画在外网成了梗,1
你是懂xx的,,0
秦始皇的小曲儿,,0
秦始皇,秦始皇的小曲儿,1
小曲儿,秦始皇的小曲儿,1
旋转鸡块,,0
XX旋转X分钟,,0
第五玩家精神状态,,0
第五,第五玩家精神状态,1
精神状态,当代大学生的精神状态怎么了？发疯文学再次回归；第五玩家精神状态,2
太多意想不到，世界杯梗合集,,0
太多,太多意想不到，世界杯梗合集,1
心之钢联盟,,0
心态侠,,0
矮人科技,,0
妈传菜,,0
富贵不能赢,,0
守望先锋归西,,0
归西,守望先锋归西,1
宝可梦2077,,0
暴雪压塌养猪场,,0
暴雪,暴雪压塌养猪场,1
压塌,暴雪压塌养猪场,1
养猪场,暴雪压塌养猪场,1
骰子型上单,,0
我有冰淇淋这个梗并不止看上去那么简单,,0
冰淇淋,我有冰淇淋这个梗并不止看上去那么简单,1
并不止,我有冰淇淋这个梗并不止看上去那么简单,1
看上去,我有冰淇淋这个梗并不止看上去那么简单,1
杀人篮球是什么东西,,0
篮球,杀人篮球是什么东西,1
外网爆火的慢慢龟跳舞,,0
慢慢,外网爆火的慢慢龟跳舞,1
米津玄师被创飞,,0
金钥匙,,0
尖叫扭曲阴暗地爬行,,0
扭曲,尖叫扭曲阴暗地爬行,1
爬行,尖叫扭曲阴暗地爬行,1
光棍节段子大赏,,0
光棍节,光棍节段子大赏,1
为爱冲锋的勇士,,0
冲锋的勇士,为爱冲锋的勇士,1
我是当主播不是当儿子,,0
主播,以手册之力击碎主播；我是当主播不是当儿子,2
当儿子,我是当主播不是当儿子,1
桀哥直播间来的,,0
直播间,桀哥直播间来的,1
注意看,注意看，这个xx正在,1
注意看，这个xx正在,,0
正在,我们的游戏正在蒸蒸日上；注意看，这个xx正在,2
联合国那边怎么说,,0
联合国,联合国那边怎么说,1
怎么说,联合国那边怎么说,1
当代大学生的精神状态怎么了？发疯文学再次回归,,0
当代大学生,当代大学生的精神状态怎么了？发疯文学再次回归,1
发疯文学,当代大学生的精神状态怎么了？发疯文学再次回归,1
回归,当代大学生的精神状态怎么了？发疯文学再次回归,1
鬼灭之刃里都有,,0
鬼灭之刃,鬼灭之刃里都有,1
无痛养狗,,0
宿舍养“狗,,0
万圣节段子大赏,,0
万圣节,万圣节段子大赏,1
蓝色妖姬,,0
把纸片当成异性,,0
纸片,把纸片当成异性,1
当成,把纸片当成异性,1
异性,把纸片当成异性,1
大外孙你牛波一,,0
大外,大外孙你牛波一,1
牛波一,大外孙你牛波一,1
One Piece是真实存在的,,0
One Piece,One Piece是真实存在的,1
真实,One Piece是真实存在的,1
存在,One Piece是真实存在的；运营不存在的游戏,2
刘慈欣还是留了一手,,0
刘慈欣,刘慈欣还是留了一手,1
留了一手,刘慈欣还是留了一手,1
石矶娘娘,,0
考哥.jpg,,0
种田.JPG,,0
6,,0
jiayou a chunyu,,0
徒手吃面,,0
无所谓，我会出手,,0
无所谓,无所谓，我会出手,1
会出,无所谓，我会出手,1
燕国地图,,0
王宝钏挖野菜,,0
宝钏,王宝钏挖野菜,1
野菜,王宝钏挖野菜,1
表姑在温州搞批发,,0
表姑,表姑在温州搞批发,1
在温州,表姑在温州搞批发,1
批发,表姑在温州搞批发,1
能坚持一个月就行,,0
能坚持,能坚持一个月就行,1
一个月,能坚持一个月就行,1
先质疑，再质疑,,0
先质疑,先质疑，再质疑,1
质疑,先质疑，再质疑；别质疑先相信,2
ka le,,0
每一把都当最后一把,,0
每一,助力每一个梦想；每一把都当最后一把,2
最后一,每一把都当最后一把,1
Ai作画,,0
别质疑先相信,,0
相信,别质疑先相信,1
电子木鱼是什么东西,,0
电子木鱼,电子木鱼是什么东西,1
他在XXX你,,0
飞镖扎气球,,0
我的蛋很大,,0
啊..这个..哎嘿,,0
Among Us眼,,0
过20岁就不要穿的像个孩子,,0
要穿,过20岁就不要穿的像个孩子,1
孩子,过20岁就不要穿的像个孩子,1
男人过了20岁，就别再穿的像个小孩子了,,0
别再,别再给我发XX了；男人过了20岁，就别再穿的像个小孩子了,2
小孩子,男人过了20岁，就别再穿的像个小孩子了,1
萌妹的代名词,,0
萌妹,我们简直就是萌妹的代名词；萌妹的代名词,2
代名词,我们简直就是萌妹的代名词；萌妹的代名词,2
吊子姐,,0
脸给你丢光,,0
朕宰了你,,0
你行不行啊细狗,,0
行不行,你行不行啊细狗,1
细狗,你行不行啊细狗,1
我听随机歌单的感受,,0
听随,我听随机歌单的感受,1
歌单,我听随机歌单的感受,1
电子榨菜,,0
躲闪摇,,0
现在是幻想时间,,0
幻想,现在是幻想时间,1
时间,现在是幻想时间,1
翰流,,0
2077又火了？为何大家都要爆锤亚当重锤,,0
大家都要,2077又火了？为何大家都要爆锤亚当重锤,1
亚当重锤,2077又火了？为何大家都要爆锤亚当重锤,1
我们简直就是萌妹的代名词,,0
三号楼,,0
宇将军文学,,0
iPhone代金券,,0
慌张的祖国人,,0
慌张,慌张的祖国人,1
祖国人,慌张的祖国人,1
羊了个羊,羊了个羊是什么,1
空中飞人,,0
Sad Cat Dance,,0
羊了个羊是什么,,0
如何用Dubstep XX,,0
亦帆峰顺,,0
科技与狠活,,0
老炮儿,,0
中秋节段子大赏,,0
中秋节,中秋节段子大赏,1
古代的监狱,,0
海克斯科技,,0
iPhone段子大赏,,0
网课小丑是什么东西,,0
网课,网课小丑是什么东西,1
小丑,小丑竟是我自己；网课小丑是什么东西,2
李甫西大夫走路,,0
西大,李甫西大夫是谁？苏联动画里的猛男角色火遍外网；李甫西大夫走路,2
走路,李甫西大夫走路,1
李甫西大夫是谁？苏联动画里的猛男角色火遍外网,,0
苏联,李甫西大夫是谁？苏联动画里的猛男角色火遍外网,1
动画里,李甫西大夫是谁？苏联动画里的猛男角色火遍外网,1
猛男,李甫西大夫是谁？苏联动画里的猛男角色火遍外网,1
火遍,李甫西大夫是谁？苏联动画里的猛男角色火遍外网；阿尼亚为什么叫瓜神？这笑容可真是火遍了全球,2
科目三睡觉,,0
每次都想装作很倔强,,0
每次,每次都想装作很倔强,1
想装,每次都想装作很倔强,1
很倔强,每次都想装作很倔强,1
只强,,0
开学买条瑜伽裤,,0
开学,你的牛牛是谁？开学第一天会遇到什么样的新室友；开学买条瑜伽裤,2
瑜伽裤,开学买条瑜伽裤,1
失败的man,,0
最喜欢的一集,,0
小镇刺头,,0
喜欢XX的XX一枚,,0
失败的MAN,,0
电子阳痿,,0
富贵300,,0
爱宝爱宝爱宝,,0
爱宝,爱宝爱宝爱宝,1
探窗KFC,,0
外网音效梗盘点,,0
任何邪恶终将绳之以法,,0
任何,任何邪恶终将绳之以法,1
邪恶,任何邪恶终将绳之以法,1
终将,任何邪恶终将绳之以法,1
绳之以法,任何邪恶终将绳之以法,1
日本人名成语化？如月千早怎么成了成语了,,0
日本人,日本人名成语化？如月千早怎么成了成语了,1
成语,日本人名成语化？如月千早怎么成了成语了；现代成语大会,2
如月千早,日本人名成语化？如月千早怎么成了成语了,1
新型骗菊,,0
喜欢xx的xx一枚,,0
暗黑破坏神里有,,0
暗黑破坏神,暗黑破坏神里有,1
Life Goes On,,0
新学期人设,,0
Life goes on,,0
水晶吊坠,,0
我删掉了xx,,0
不就是一XX吗,,0
我删掉了XX,,0
中元节段子大赏,,0
中元节,中元节段子大赏,1
你是我唯一的姐,,0
唯一的姐,你是我唯一的姐,1
进货式闯关,,0
MBTI人格测试,,0
没有人懂我,,0
意大利面拌42号混凝土？知识搅拌机,,0
意大利面,意大利面拌42号混凝土；意大利面拌42号混凝土？知识搅拌机,2
混凝土,意大利面拌42号混凝土；意大利面拌42号混凝土？知识搅拌机,2
知识,意大利面拌42号混凝土？知识搅拌机,1
搅拌机,意大利面拌42号混凝土？知识搅拌机,1
蓝色药丸,,0
意大利面拌42号混凝土,,0
东风快递,,0
爷们要战斗,,0
急急国王,,0
快说你是来XX旅游的,,0
快说,快说你是来XX旅游的,1
旅游,快说你是来XX旅游的,1
AUGHHHH,,0
熊出没片尾曲,,0
片尾曲,熊出没片尾曲,1
XX扣一分,,0
COME的喂,,0
拖鞋超人,,0
蒂法本人在B站？她和耶路撒冷之间有,,0
蒂法,蒂法本人在B站？她和耶路撒冷之间有,1
耶路撒冷,蒂法本人在B站？她和耶路撒冷之间有,1
之间,蒂法本人在B站？她和耶路撒冷之间有,1
栓Q,,0
为什么我的眼中常含胖虎,,0
眼中,为什么我的眼中常含胖虎,1
胖虎,为什么我的眼中常含胖虎,1
胖虎眼,,0
我刚提的新车,,0
新车,我刚提的新车,1
你这背景太假了,,0
背景,你这背景太假了,1
太假,你这背景太假了,1
我没惹你们任何人,,0
任何人,我没惹你们任何人,1
击股之交,,0
食不食油饼,,0
霹雳舞小猫,,0
别来沾边,,0
小黑子露出鸡脚了吧,,0
小黑子,小黑子露出鸡脚了吧,1
露出,小黑子露出鸡脚了吧,1
鸡脚,小黑子露出鸡脚了吧,1
脑干缺失的美,,0
脑干缺失,脑干缺失的美,1
我徐才魁彻底疯狂,,0
彻底,我徐才魁彻底疯狂,1
疯狂,××，你让我陷入疯狂 -东百往事；我徐才魁彻底疯狂,2
帽子侠,,0
步骤哥哥，我是斯塔克,,0
步骤,步骤哥哥，我是斯塔克,1
哥哥,步骤哥哥，我是斯塔克,1
斯塔克,步骤哥哥，我是斯塔克,1
修女与鱼,,0
田中脊髓剑,,0
Noot Noot,,0
noot noot,,0
哥味文学,,0
小镇做题家,,0
嘻→嘻↗嘻→嘻→嘻,,0
东京电视台传说,,0
东京电视台,东京电视台传说,1
传说,东京电视台传说,1
我去你们说的那个是我xx,,0
招生减章,,0
我去，你们一直说的那个XX是我XX,,0
一直说,我去，你们一直说的那个XX是我XX,1
饿狼传说,,0
嘻→嘻↗嘻→嘻→嘻↗↘,,0
ESO男团,,0
鳖载着理发店（别在这理发店）,,0
理发店,鳖载着理发店（别在这理发店）,1
别在,鳖载着理发店（别在这理发店）,1
雪莲文学,,0
啥叫未成年刺客,,0
未成年,啥叫未成年刺客,1
我来这只办三件事,,0
只办三件事,我来这只办三件事,1
新型人贩子,,0
龙龟宇宙,,0
嘎子偷狗,,0
王迅找茬,,0
雪糕刺客,,0
外网最火的烂电影？《房间》里都有,,0
最火,外网最火的烂电影？《房间》里都有,1
房间,外网最火的烂电影？《房间》里都有,1
一洗,,0
父亲节段子大赏,,0
父亲节,父亲节段子大赏,1
我的狗踩到了蜜蜂,,0
蜜蜂,我的狗踩到了蜜蜂；我的狗踩到了蜜蜂？外网爆火的德普案都有,2
再爱就不礼貌了,,0
再爱,再爱就不礼貌了,1
礼貌,再爱就不礼貌了,1
石榴煎酒,,0
女生自用,,0
DALL-E,,0
duai duai duai,,0
轻轻敲醒沉睡的心灵,,0
轻轻,轻轻敲醒沉睡的心灵,1
敲醒,轻轻敲醒沉睡的心灵,1
沉睡,轻轻敲醒沉睡的心灵,1
心灵,轻轻敲醒沉睡的心灵,1
小孩幼稚，大人刚好,,0
幼稚,小孩幼稚，大人刚好,1
大人,大人时代变了；大人，时代变了；小孩幼稚，大人刚好,3
刚好,小孩幼稚，大人刚好,1
很喜欢文学,,0
我的狗踩到了蜜蜂？外网爆火的德普案都有,,0
如果第一个出考场,,0
出考场,如果第一个出考场；采访第一个出考场的XX,2
白马，定叫他有来无回是,,0
白马,白马，定叫他有来无回是,1
优雅！实在是太优雅了,,0
优雅,优雅！实在太优雅了；优雅！实在是太优雅了,2
实在,优雅！实在是太优雅了,1
你了不起你清高,,0
清高,你了不起你清高,1
可爱滴捏,,0
补档 -东百往事,,0
补档,补档 -东百往事,1
往事,××，你根本没在×××，你躲哪儿去了 -东百往事；××，你让我陷入疯狂 -东百往事；你就是歌姬吧 -东百往事；冰红茶 -东百往事；好果汁 -东百往事；我不道啊～ 红山果行动 -东百往事；拟态baby辣（你太卑鄙啦） -东百往事；来给他整个活儿 -东百往事；独立宣言 -东百往事；皇冠加冕  《决战沈阳大街》完 -东百往事；补档 -东百往事；这一脚，踢出了整个盛夏 -东百往事；这位更是重量级 -东百往事,13
冰红茶 -东百往事,,0
皇冠加冕  《决战沈阳大街》完 -东百往事,,0
皇冠,皇冠加冕  《决战沈阳大街》完 -东百往事,1
加冕,皇冠加冕  《决战沈阳大街》完 -东百往事,1
决战,皇冠加冕  《决战沈阳大街》完 -东百往事,1
沈阳,皇冠加冕  《决战沈阳大街》完 -东百往事,1
大街,皇冠加冕  《决战沈阳大街》完 -东百往事,1
我不道啊～ 红山果行动 -东百往事,,0
红山,我不道啊～ 红山果行动 -东百往事,1
行动,我不道啊～ 红山果行动 -东百往事,1
原来是小别扇,,0
小别扇,原来是小别扇,1
莫比亚斯，一部烂到成了外网梗的电影,,0
莫比亚斯,莫比亚斯，一部烂到成了外网梗的电影,1
一部,莫比亚斯，一部烂到成了外网梗的电影,1
卢雷元年,,0
××，你根本没在×××，你躲哪儿去了 -东百往事,,0
根本,××，你根本没在×××，你躲哪儿去了 -东百往事；快住手，这根本就不是二创,2
你就是歌姬吧 -东百往事,,0
歌姬,你就是歌姬吧 -东百往事,1
电摇嘲讽,,0
来给他整个活儿 -东百往事,,0
活儿,来给他整个活儿 -东百往事,1
好果汁 -东百往事,,0
果汁,好果汁 -东百往事,1
纳米机器，小子,,0
纳米,纳米机器，小子,1
机器,纳米机器，小子,1
人教版教材插图咋了,,0
人教版,人教版教材插图咋了,1
教材,人教版教材插图咋了,1
插图,人教版教材插图咋了,1
不行让晋江来,,0
晋江,不行让晋江来,1
这位更是重量级 -东百往事,,0
重量级,这位更是重量级；这位更是重量级 -东百往事,2
××，你让我陷入疯狂 -东百往事,,0
陷入,××，你让我陷入疯狂 -东百往事；哥谭再次陷入尴尬,2
拟态baby辣（你太卑鄙啦） -东百往事,,0
拟态,拟态baby辣（你太卑鄙啦） -东百往事,1
baby,拟态baby辣（你太卑鄙啦） -东百往事,1
卑鄙,卑鄙的外乡人；拟态baby辣（你太卑鄙啦） -东百往事,2
外网梗超多的电影？封面这人你觉得面熟吗,,0
超多,外网梗超多的电影？封面这人你觉得面熟吗,1
封面,外网梗超多的电影？封面这人你觉得面熟吗,1
觉得,外网梗超多的电影？封面这人你觉得面熟吗,1
面熟,外网梗超多的电影？封面这人你觉得面熟吗,1
王心凌男孩,,0
独立宣言 -东百往事,,0
独立宣言,独立宣言 -东百往事,1
优雅！实在太优雅了,,0
实在太,优雅！实在太优雅了,1
这一脚，踢出了整个盛夏 -东百往事,,0
一脚,这一脚，踢出了整个盛夏；这一脚，踢出了整个盛夏 -东百往事,2
踢出,这一脚，踢出了整个盛夏；这一脚，踢出了整个盛夏 -东百往事,2
盛夏,这一脚，踢出了整个盛夏；这一脚，踢出了整个盛夏 -东百往事,2
东百往事,,0
可达鸭八音盒是什么,,0
可达鸭,可达鸭八音盒是什么,1
八音盒,八音盒、嗨害嗨；可达鸭八音盒是什么,2
可达鸭玩具,,0
插U盘,,0
退！退！退,,0
阿尼亚为什么叫瓜神？这笑容可真是火遍了全球,,0
阿尼亚,阿尼亚为什么叫瓜神？这笑容可真是火遍了全球,1
什么叫,阿尼亚为什么叫瓜神？这笑容可真是火遍了全球,1
笑容,阿尼亚为什么叫瓜神？这笑容可真是火遍了全球,1
可真,阿尼亚为什么叫瓜神？这笑容可真是火遍了全球,1
我能说脏话吗,,0
能说,我能说脏话吗,1
脏话,我能说脏话吗；淦字怎么念？是脏话还,2
北通之子,,0
22=35,,0
我是云南的,,0
釜山图书馆,,0
召唤巨大喷流,,0
召唤,召唤巨大喷流,1
巨大喷流,召唤巨大喷流,1
知网是什么东西,,0
知网是什么,知网是什么东西,1
上巴？心巴？×巴,,0
母亲节段子大赏,,0
母亲节,母亲节段子大赏,1
粥味很冲的角色,,0
很冲,粥味很冲的角色,1
中小学生禁止饮用纯净水,,0
中小学生,中小学生禁止饮用纯净水,1
禁止,中小学生禁止饮用纯净水,1
饮用,中小学生禁止饮用纯净水,1
纯净水,中小学生禁止饮用纯净水,1
天冷防韩,,0
优待俘虏,,0
没活了可以咬打火机,,0
打火机,没活了可以咬打火机,1
娇妻文学,,0
上巴,,0
三合一梗曲？最近外网爆火的手书梗,,0
三合一,三合一梗曲？最近外网爆火的手书梗,1
最近,steam掌机？海绵宝宝加入大乱斗？最近舞蹈区竟惨遭外星人入侵；三合一梗曲？最近外网爆火的手书梗；我的很大你忍一下？三句话让男人花18万并不简单？盘点最近网上的哪些梗,3
手书,三合一梗曲？最近外网爆火的手书梗,1
你们不要再打了,,0
要再,你们不要再打了,1
都市隶人,,0
孔明不扶阿斗扶爱豆！派对浪客诸葛孔明是怎样的作品,,0
孔明,孔明不扶阿斗扶爱豆！派对浪客诸葛孔明是怎样的作品,1
阿斗,孔明不扶阿斗扶爱豆！派对浪客诸葛孔明是怎样的作品,1
爱豆,孔明不扶阿斗扶爱豆！派对浪客诸葛孔明是怎样的作品,1
派对,孔明不扶阿斗扶爱豆！派对浪客诸葛孔明是怎样的作品,1
浪客,孔明不扶阿斗扶爱豆！派对浪客诸葛孔明是怎样的作品,1
诸葛孔明,孔明不扶阿斗扶爱豆！派对浪客诸葛孔明是怎样的作品,1
作品,孔明不扶阿斗扶爱豆！派对浪客诸葛孔明是怎样的作品,1
比烂大作战,,0
碧桂园五星上将,,0
碧桂园,碧桂园五星上将,1
五星上将,碧桂园五星上将,1
职业法师刘海柱,,0
职业,职业法师刘海柱,1
法师,职业法师刘海柱,1
刘海,职业法师刘海柱,1
让我单挑她,,0
刘畊宏男孩女孩,,0
刘畊宏,刘畊宏男孩女孩,1
男孩女孩,刘畊宏男孩女孩,1
燕子没有你我怎么活,,0
燕子,燕子没有你我怎么活,1
怎么活,燕子没有你我怎么活,1
听我说谢谢你,,0
谢谢,听我说谢谢你；杰克奥特曼为什么会对着赛文说“谢谢你泰罗；滔博赢下比赛为什么要谢谢小杨生煎,3
运营不存在的游戏,,0
运营,运营不存在的游戏,1
硬核劝降,,0
外卷侠,,0
小鸡恰恰舞,,0
娱乐圈经典名场面,,0
娱乐圈,娱乐圈经典名场面,1
经典名场面,娱乐圈经典名场面,1
白刀进绿刀出,,0
喜剧人余华,,0
你是我的神,,0
Beep Beep I'ma sheep,,0
正确的,,0
甲乙刻唐,,0
为菈妮,,0
选我还是PS5,,0
Diablo 4090ti,,0
逼斗的伤害,,0
谢谢逆水寒,,0
愚人节段子小赏,,0
你没事吧,,0
nice,,0
天堂に駆ける,,0
piao旭之争,,0
奥斯卡直播事故！威尔史密斯打脸,,0
奥斯卡,奥斯卡搏击之夜；奥斯卡直播事故！威尔史密斯打脸,2
事故,奥斯卡直播事故！威尔史密斯打脸,1
打脸,奥斯卡直播事故！威尔史密斯打脸,1
奥斯卡搏击之夜,,0
搏击,奥斯卡搏击之夜,1
之夜,奥斯卡搏击之夜,1
王守真,,0
怎么不算呢,,0
小时代文学,,0
四国特工,,0
发生什么事了,,0
发生什么事,发生什么事了,1
互联网掘墓人,,0
互联网,互联网北方女仆；互联网掘墓人,2
掘墓人,互联网掘墓人,1
月入3200,,0
半岛铁盒,,0
我年纪轻轻月入3200,,0
年纪轻轻,我年纪轻轻月入3200,1
月入,我年纪轻轻月入3200,1
拼多多式鼓励,,0
拼多多,拼多多式鼓励,1
鼓励,拼多多式鼓励,1
老坛酸菜面咋了,,0
老坛酸菜,老坛酸菜面咋了,1
足痰酸菜,,0
这一脚，踢出了整个盛夏,,0
森死皮挠,,0
代言人体验卡,,0
代言人,代言人体验卡,1
体验,代言人体验卡,1
梅琳娜你退群吧,,0
梅琳娜,梅琳娜你退群吧,1
退群,梅琳娜你退群吧,1
690战术核显卡,,0
营销号混合症,,0
营销号,营销号混合症,1
混合,营销号混合症,1
植树节段子大赏,,0
植树节,植树节段子大赏,1
B站赌场,,0
疯狂星期四文学,,0
疯狂星期四,疯狂星期四文学,1
文学,疯狂星期四文学,1
苹果猫,,0
完了，芭比Q了,,0
世界上有五种辣,,0
世界上,世界上有五种辣,1
五种,世界上有五种辣,1
讨好型人格,,0
喜欢萨莉亚的女朋友,,0
莉亚,喜欢萨莉亚的女朋友,1
女朋友,喜欢萨莉亚的女朋友,1
奶奶把我锁在家里,,0
奶奶,奶奶把我锁在家里；梁志超他奶奶,2
锁在,奶奶把我锁在家里,1
家里,奶奶把我锁在家里,1
卑鄙的外乡人,,0
外乡人,卑鄙的外乡人,1
大的要来了,,0
Speed大战Ben,,0
TES48,,0
八音盒、嗨害嗨,,0
反思怪,,0
宫崎英高跌上/下神坛,,0
下神,宫崎英高跌上/下神坛,1
这是可以说的吗、羊胎素,,0
可以说,这是可以说的吗、羊胎素,1
羊胎素,这是可以说的吗、羊胎素,1
二极管,,0
这里是缅甸北部,,0
缅甸北,这里是缅甸北部,1
玉玉症,,0
二次元之日,,0
成龙劝游,,0
范马孔子,,0
timing侠,,0
冬奥会段子大赏,,0
冬奥会,冬奥会段子大赏,1
成龙劝游记,,0
风灵月影宗,,0
XR改的,,0
你充Q币吗,,0
†升天†,,0
勇敢勇敢我的朋友！xx跑男,,0
勇敢,勇敢勇敢我的朋友！xx跑男；勇敢牛牛不怕困难,2
朋友,勇敢勇敢我的朋友！xx跑男,1
跑男,勇敢勇敢我的朋友！xx跑男,1
颜文字是由什么组成的,,0
文字,颜文字是由什么组成的,1
组成,颜文字是由什么组成的,1
麦地教父,,0
宇宙国,,0
后室是什么？外网盛传多年的恐怖故事,,0
后室,后室是什么？外网盛传多年的恐怖故事,1
盛传,后室是什么？外网盛传多年的恐怖故事,1
多年,后室是什么？外网盛传多年的恐怖故事,1
恐怖故事,后室是什么？外网盛传多年的恐怖故事,1
美式霸凌,,0
超能先生逐渐XX,,0
超能,超能先生逐渐XX,1
先生,超能先生逐渐XX,1
逐渐,超能先生逐渐XX,1
谢谢猎豹,,0
冰墩墩,,0
葬天帝,,0
我能受这委屈吗,,0
铁憨憨,,0
谁有赵本山电话,,0
赵本山,谁有赵本山电话,1
电话,谁有赵本山电话,1
脸都不要了,,0
芭比Q,,0
炫沙糖桔,,0
XX波比,,0
妹说就是零卡,,0
零卡,妹说就是零卡,1
摇摆联盟,,0
总有一天，全xx的人都要高看我们,,0
总有一天,总有一天，全xx的人都要高看我们,1
要高,总有一天，全xx的人都要高看我们,1
看我们,总有一天，全xx的人都要高看我们,1
人类的悲欢并不相通,,0
人类,人类的悲欢并不相通；人类还有希望吗,2
悲欢,人类的悲欢并不相通,1
并不相通,人类的悲欢并不相通,1
卡农后遗症,,0
fake run！跑男,,0
金钱豹,,0
快住手，这根本就不是二创,,0
住手,快住手，这根本就不是二创,1
二创,快住手，这根本就不是二创,1
麦乐鸡侠,,0
寄！GG,,0
微软收购动视暴雪,,0
微软收购,微软收购动视暴雪,1
动视暴雪,微软收购动视暴雪,1
emotional damage,,0
谁才是真正的英雄,,0
弹幕下围棋,,0
我在大润发杀了十年的鱼,,0
大润发,我在大润发杀了十年的鱼,1
十年,我在大润发杀了十年的鱼,1
文化拱火,,0
老师，菜菜，捞捞,,0
老师,x老师退出文坛；老师，菜菜，捞捞,2
菜菜,老师，菜菜，捞捞,1
捞捞,老师，菜菜，捞捞,1
幻塔,,0
道理哥是谁？莫非这就是2022年的第一个梗,,0
道理,道理哥是谁？莫非这就是2022年的第一个梗,1
莫非,道理哥是谁？莫非这就是2022年的第一个梗,1
道理哥,,0
穿山甲联盟,,0
剑魔区up主,,0
2021年热门梗盘点,,0
我与曹贼何异,,0
曹贼,我与曹贼何异,1
的地得警察,,0
我用xx摆烂我的AE作业,,0
摆烂,我用xx摆烂我的AE作业,1
AE,我用xx摆烂我的AE作业,1
作业,我用xx摆烂我的AE作业,1
防止小孩误食,,0
误食,防止小孩误食,1
X女士说得对,,0
AEBD,,0
xx咬人事件,,0
你发癫人家问地你答天,,0
发癫,你发癫人家问地你答天,1
人家,你发癫人家问地你答天,1
救救孩子,,0
已经在谷底了,,0
已经在,已经在谷底了,1
谷底,已经在谷底了,1
俺の愛馬が,,0
钝角,,0
abandon,,0
假面骑士的圣诞节,,0
假面骑士,假面骑士的圣诞节；假面骑士的末日到了；谁不想当假面骑士呢？我只是一个路过的假面骑士,3
圣诞节,假面骑士的圣诞节,1
padoru,,0
半场开香槟,,0
一薇,,0
专业配音员,,0
怀民亦未寝,,0
我怕E宝误会,,0
虚空索敌,,0
不可以色色,,0
去码头整点薯条,,0
去码头,去码头整点薯条,1
整点薯条,去码头整点薯条,1
啊怎么会呢,,0
十年老粉,,0
扣1送xx,,0
你爹来啰,,0
如果xx的话,,0
自罚两杯,,0
绿头鱼,,0
群青meme,,0
空条徐伦的律师,,0
空条徐伦,空条徐伦的律师,1
律师,空条徐伦的律师,1
Google Ngram,,0
你叉叉,,0
你怎么睡得着的,,0
睡得,你怎么睡得着的,1
动物园怪谈,,0
抛开事实不谈,,0
我将以高达形态出击,,0
将以,我将以高达形态出击,1
高达,我将以高达形态出击,1
出击,我将以高达形态出击,1
2021热梗年度总结,,0
催逝员,,0
一定是XX的阴谋,,0
一定,一定是XX的阴谋；如果奇迹有颜色，那一定是橙色,2
阴谋,一定是XX的阴谋,1
破防,,0
女强人制造机,,0
女强人,女强人制造机,1
制造机,女强人制造机,1
乳法,,0
水母迷因,,0
狗卡,,0
这不比忍术好用,,0
忍术,这不比忍术好用,1
好用,这不比忍术好用,1
火影手游2000,,0
自爆卡车,,0
炸锅文学,,0
寄！寄了！GG,,0
高级特工、催逝员,,0
高级特工,高级特工、催逝员,1
警惕拜登打xx牌,,0
警惕拜登打,警惕拜登打xx牌,1
快进到XX,,0
年轻人不要太气盛,,0
年轻人,年轻人不要太气盛；年轻人不讲武德,2
气盛,年轻人不要太气盛,1
现代成语大会,,0
现代,现代成语大会,1
大会,现代成语大会,1
什么是NFT？资本骗局还是真正的新概念服务,,0
NFT,什么是NFT？资本骗局还是真正的新概念服务,1
资本,什么是NFT？资本骗局还是真正的新概念服务,1
骗局,什么是NFT？资本骗局还是真正的新概念服务,1
真正,什么是NFT？资本骗局还是真正的新概念服务,1
新概念,什么是NFT？资本骗局还是真正的新概念服务,1
服务,什么是NFT？资本骗局还是真正的新概念服务,1
口口文学,,0
希望人没事,,0
万宁棋,,0
南极贱畜,,0
她逃他追他们插翅难飞,,0
插翅难飞,她逃他追他们插翅难飞,1
Khan定律,,0
阿瑟文学,,0
魔怔人,,0
EDG夺冠我就xx,,0
意法战争,,0
世界聚焦于你,,0
聚焦,世界聚焦于你,1
如果EDG夺冠我就xx,,0
EDG,如果EDG夺冠我就xx,1
夺冠,如果EDG夺冠我就xx,1
"我看不懂,但我大受震撼",,0
看不懂,"我看不懂,但我大受震撼；我看不懂，但我大受震撼",2
大受震撼,"我看不懂,但我大受震撼；我看不懂，但我大受震撼",2
炮形态波比,,0
EMO,,0
行走的50万,,0
翔磨杵,,0
7777777,,0
学霸题,,0
优势在我,,0
Vtuber一问一答,,0
流泪猫猫头,,0
豆瓣评分,,0
Vtuber一问一答自我介绍,,0
Vtuber,Vtuber一问一答自我介绍,1
一问一答,Vtuber一问一答自我介绍,1
自我介绍,Vtuber一问一答自我介绍,1
中国人不骗中国人,,0
波澜哥,,0
恶霸马奎尔,,0
TheShy来了全杀了,,0
菠萝披萨,,0
朝阳群众,,0
哥谭噩梦,,0
演的吧,,0
青春疼痛文学,,0
不ban猛犸,,0
金坷垃,,0
为什么不ban猛犸,,0
ban,为什么不ban猛犸,1
猛犸,为什么不ban猛犸,1
大数据请记住我,,0
大数据,大数据请记住我,1
请记住,大数据请记住我,1
我的护球像亨利,,0
护球,我的护球像亨利,1
亨利,我的护球像亨利,1
唐可可是谁？日本动漫里可算有了对味的中国人,,0
唐可可,唐可可是谁？日本动漫里可算有了对味的中国人,1
日本动漫,唐可可是谁？日本动漫里可算有了对味的中国人,1
对味,唐可可是谁？日本动漫里可算有了对味的中国人,1
英雄联盟设计师,,0
设计师,英雄联盟设计师,1
当代语言艺术家,,0
当代,当代语言艺术家,1
语言艺术,当代语言艺术家,1
哥谭再次陷入尴尬,,0
哥谭,哥谭再次陷入尴尬,1
尴尬,哥谭再次陷入尴尬,1
助力每一个梦想,,0
助力,助力每一个梦想,1
梦想,助力每一个梦想,1
水洗蛋蛋,,0
x老师退出文坛,,0
退出,x老师退出文坛,1
文坛,x老师退出文坛,1
"糟了,我成替身了",,0
替身,"糟了,我成替身了",1
双枪会给出答案,,0
双枪,双枪会给出答案,1
会给出,双枪会给出答案,1
答案,双枪会给出答案,1
双标美羊羊,,0
xx诱捕器,,0
老子打的就是精锐,,0
打的就是精锐,老子打的就是精锐,1
凯申物流,,0
健达奇趣蛋,,0
东风快递，使命必达,,0
东风,东风快递，使命必达,1
快递,东风快递，使命必达,1
使命,东风快递，使命必达,1
必达,东风快递，使命必达,1
阿姨停电了,,0
已婚,,0
三角符文梗？马里奥电影配音阵容？外国小孩竟拿盗窃当潮流,,0
三角符文,三角符文梗？马里奥电影配音阵容？外国小孩竟拿盗窃当潮流,1
马里奥,三角符文梗？马里奥电影配音阵容？外国小孩竟拿盗窃当潮流,1
阵容,三角符文梗？马里奥电影配音阵容？外国小孩竟拿盗窃当潮流,1
盗窃,三角符文梗？马里奥电影配音阵容？外国小孩竟拿盗窃当潮流,1
潮流,三角符文梗？马里奥电影配音阵容？外国小孩竟拿盗窃当潮流,1
拜登拉稀,,0
晒足180天,,0
YEE是什么,,0
佛媛,,0
922768,,0
穷哈,,0
RNM退钱,,0
干净又卫生,,0
Ngana Rindu零元购,,0
超市0元购？Ngana Rindu是什么,,0
超市,超市0元购？Ngana Rindu是什么,1
Ngana Rindu,超市0元购？Ngana Rindu是什么,1
社交牛杂症,,0
身高185,,0
青莲地心火,,0
互联网北方女仆,,0
北方,互联网北方女仆,1
女仆,互联网北方女仆,1
违背祖宗的决定,,0
违背,违背祖宗的决定,1
祖宗,违背祖宗的决定,1
决定,违背祖宗的决定,1
傻宝,,0
黑人小哥跳舞,,0
黑人,反戏精黑人小哥；黑人小哥跳舞,2
甲壳虫汁是谁,,0
甲壳,甲壳虫汁是谁,1
xx要开始加速了,,0
要开始,xx要开始加速了,1
加速,xx要开始加速了,1
x分钟,,0
专抓粉丝,,0
偷吃贡品、啊对对对,,0
偷吃,偷吃贡品、啊对对对,1
贡品,偷吃贡品、啊对对对,1
对对对,偷吃贡品、啊对对对,1
半括号,,0
早知道还是原道,,0
早知道,早知道还是原道,1
原道,早知道还是原道,1
西厂正规军,,0
既见未来，为何不buy,,0
既见未来,既见未来，为何不buy,1
buy,既见未来，为何不buy,1
人不行，别怪路不平,,0
人不行,人不行，别怪路不平,1
别怪,人不行，别怪路不平,1
路不平,人不行，别怪路不平,1
810975,,0
人生重开模拟器,,0
重开,人生重开模拟器,1
别再给我发XX了,,0
社交牛逼症,,0
几个通辽,,0
学姐好,,0
黑龙江军阀张美玉,,0
黑龙江,黑龙江军阀张美玉,1
军阀,黑龙江军阀张美玉,1
美玉,黑龙江军阀张美玉,1
shot on iphone,,0
你的牛牛是谁？开学第一天会遇到什么样的新室友,,0
牛牛,你的牛牛是谁？开学第一天会遇到什么样的新室友；勇敢牛牛不怕困难,2
第一天,你的牛牛是谁？开学第一天会遇到什么样的新室友,1
会遇到什么,你的牛牛是谁？开学第一天会遇到什么样的新室友,1
室友,你的牛牛是谁？开学第一天会遇到什么样的新室友,1
近期私信解答第二期,,0
私信,近期私信解答第二期；近期私信解答，百梗交集，你想知道的梗都在这,2
解答,近期私信解答第二期；近期私信解答，百梗交集，你想知道的梗都在这,2
第二期,空耳梗合集第二期；近期私信解答第二期,2
亮剑里都有,,0
吃个桃桃,,0
空耳梗合集第三期,,0
空耳,空耳梗合集第一期；空耳梗合集第三期；空耳梗合集第二期,3
第三期,空耳梗合集第三期,1
337845818,,0
容嬷嬷扎的对,,0
容嬷嬷,容嬷嬷扎的对,1
带善人真理圣主,,0
善人,带善人真理圣主,1
真理,带善人真理圣主,1
圣主,带善人真理圣主,1
空耳梗合集第二期,,0
jack-O蹲姿,,0
郑女士,,0
原作:石森章太郎,,0
原作,原作:石森章太郎,1
石森章太郎,原作:石森章太郎,1
Directed by Robert b weide,,0
我免费了,,0
空耳梗合集第一期,,0
大人，时代变了,,0
时代,大人时代变了；大人，时代变了,2
管理学,,0
个人感觉没原神好··画质,,0
感觉,个人感觉没原神好··画质,1
画质,个人感觉没原神好··画质,1
Get Down舞,,0
康熙怒斥群臣,,0
康熙,康熙怒斥群臣,1
怒斥,康熙怒斥群臣,1
群臣,康熙怒斥群臣,1
暮光闪闪×摩迪凯组cp,,0
暮光,暮光闪闪×摩迪凯组cp,1
闪闪,暮光闪闪×摩迪凯组cp,1
cp,暮光闪闪×摩迪凯组cp,1
yee,,0
你那是馋她的身子,,0
馋她的身子,你那是馋她的身子,1
蓝蓝路,,0
苏州科技大学,,0
苏州,苏州科技大学,1
科技大学,苏州科技大学,1
这就是青春,,0
网红体,,0
乒乒乓乓，天下无双,,0
乒乒乓乓,乒乒乓乓，天下无双,1
天下无双,乒乒乓乓，天下无双,1
这位更是重量级,,0
多看空我,,0
这是一场试炼,,0
一场,这是一场试炼,1
试炼,这是一场试炼,1
粉红兔子揪粉红兔子,,0
粉红兔子,粉红兔子揪粉红兔子,1
你搁这搁这呢,,0
steam掌机？海绵宝宝加入大乱斗？最近舞蹈区竟惨遭外星人入侵,,0
steam,steam掌机？海绵宝宝加入大乱斗？最近舞蹈区竟惨遭外星人入侵,1
掌机,steam掌机？海绵宝宝加入大乱斗？最近舞蹈区竟惨遭外星人入侵,1
海绵宝宝,steam掌机？海绵宝宝加入大乱斗？最近舞蹈区竟惨遭外星人入侵,1
加入,steam掌机？海绵宝宝加入大乱斗？最近舞蹈区竟惨遭外星人入侵,1
大乱斗,steam掌机？海绵宝宝加入大乱斗？最近舞蹈区竟惨遭外星人入侵,1
舞蹈,steam掌机？海绵宝宝加入大乱斗？最近舞蹈区竟惨遭外星人入侵,1
惨遭,steam掌机？海绵宝宝加入大乱斗？最近舞蹈区竟惨遭外星人入侵,1
emo,,0
人类高质量男性,,0
人类高质量,人类高质量油物；人类高质量男性；人类高质量男性求偶,3
男性,人类高质量男性；人类高质量男性求偶,2
痛失韩国市场,,0
痛失,痛失韩国市场,1
市场,痛失韩国市场,1
Dame Tu Cosita,,0
下赛季你防詹姆斯,,0
下赛季,下赛季你防詹姆斯,1
詹姆斯,下赛季你防詹姆斯,1
可恶被他装到了,,0
可恶,可恶被他装到了,1
人类高质量油物,,0
大触,,0
重伤倒地,,0
纯狱风,,0
手撕鬼子,,0
14.7分,,0
你们都没有手机吗,,0
手机,你们都没有手机吗,1
你完全不XX是吗,,0
完全,你完全不XX是吗；打开了但是没有完全打开,2
野性消费,,0
六公主,,0
没有任何事能称之为巧合,,0
任何事,没有任何事能称之为巧合,1
能称,没有任何事能称之为巧合,1
巧合,没有任何事能称之为巧合,1
坚持和努力,,0
接地府,,0
传下去,,0
以手册之力击碎主播,,0
手册,以手册之力击碎主播,1
击碎,以手册之力击碎主播；以雷霆击碎黑暗,2
我看不懂，但我大受震撼,,0
拖更云的鹰佐教学,,0
教学,拖更云的鹰佐教学,1
我的很大你忍一下？三句话让男人花18万并不简单？盘点最近网上的哪些梗,,0
很大,我的很大你忍一下；我的很大你忍一下？三句话让男人花18万并不简单？盘点最近网上的哪些梗,2
忍一下,我的很大你忍一下；我的很大你忍一下？三句话让男人花18万并不简单？盘点最近网上的哪些梗,2
三句话,三句话让男人为我花了18万；我的很大你忍一下？三句话让男人花18万并不简单？盘点最近网上的哪些梗,2
网上,我的很大你忍一下？三句话让男人花18万并不简单？盘点最近网上的哪些梗,1
我的很大你忍一下,,0
刘华强买瓜,,0
捡手机文学,,0
这瓜保熟吗,,0
舰长行为,,0
厨,,0
志豪哥,,0
红伞伞白杆杆,,0
红伞伞,红伞伞白杆杆,1
白杆杆,红伞伞白杆杆,1
淄博冠军王喜顺,,0
淄博,淄博冠军王喜顺,1
王喜,淄博冠军王喜顺,1
哦哦哦哦哦哦,,0
马夫迪激情演说,,0
马夫,马夫迪激情演说,1
激情,马夫迪激情演说,1
演说,马夫迪激情演说,1
B站崩了,,0
人类高质量男性求偶,,0
求偶,人类高质量男性求偶,1
I'm gay,,0
你礼貌吗,,0
首先是犯下傲慢之罪,,0
首先,首先是犯下傲慢之罪,1
犯下,首先是犯下傲慢之罪,1
傲慢之罪,首先是犯下傲慢之罪,1
六道轮回是个棒槌,,0
六道轮回,六道轮回是个棒槌,1
棒槌,六道轮回是个棒槌,1
拿来吧你,,0
加把劲骑士,,0
Family,,0
KKSK,,0
侏罗纪老头,,0
oooohhhhhhhhhhh,,0
心情激动表情包的出处是哪里,,0
心情,心情激动表情包的出处是哪里,1
激动,心情激动表情包的出处是哪里,1
出处,心情激动表情包的出处是哪里,1
绝绝子、xx子,,0
葛平是谁,,0
京图,,0
勇敢牛牛不怕困难,,0
怕困难,勇敢牛牛不怕困难,1
索尼已经断气了,,0
索尼,索尼已经断气了,1
断气,索尼已经断气了,1
321开团,,0
吔屎啦，梁非凡,,0
非凡,吔屎啦梁非凡；吔屎啦，梁非凡,2
阿根廷人,,0
外网爆火的三星助手？星战四格梗？今年这E3上又有了,,0
三星,外网爆火的三星助手？星战四格梗？今年这E3上又有了,1
助手,外网爆火的三星助手？星战四格梗？今年这E3上又有了,1
星战,外网爆火的三星助手？星战四格梗？今年这E3上又有了,1
四格,外网爆火的三星助手？星战四格梗？今年这E3上又有了,1
今年,外网爆火的三星助手？星战四格梗？今年这E3上又有了,1
E3,外网爆火的三星助手？星战四格梗？今年这E3上又有了,1
躬匠精神,,0
爱尔兰酒局笑话,,0
爱尔兰,爱尔兰酒局笑话,1
酒局,爱尔兰酒局笑话,1
笑话,爱尔兰酒局笑话,1
考试周破防,,0
热爱105℃的你,,0
敌羞吾去脱她衣,,0
8700万的青眼白龙,,0
青眼,8700万的青眼白龙,1
白龙,8700万的青眼白龙,1
S代表着什么,,0
美有姬,,0
纪昆荣耀,,0
两老外对骂丢凳子,,0
两老,两老外对骂丢凳子,1
对骂,两老外对骂丢凳子,1
凳子,两老外对骂丢凳子,1
官方认证汉奸,,0
官方,官方认证汉奸,1
认证,官方认证汉奸,1
汉奸,官方认证汉奸,1
为了让世界更好对吧,,0
更好,为了让世界更好对吧,1
任天堂就是世界的主宰,,0
任天堂,任天堂就是世界的主宰,1
主宰,任天堂就是世界的主宰,1
YYDS,,0
假面骑士的末日到了,,0
末日,假面骑士的末日到了,1
蜜雪冰城甜蜜蜜,,0
蜜雪冰城,蜜雪冰城主题曲；蜜雪冰城甜蜜蜜,2
甜蜜蜜,蜜雪冰城甜蜜蜜,1
聪油饼,,0
聪语,,0
气突苏,,0
藏狐？背后灵？为什么这个人就和水猴子过不去了,,0
背后,藏狐？背后灵？为什么这个人就和水猴子过不去了,1
水猴子,藏狐？背后灵？为什么这个人就和水猴子过不去了,1
过不去,藏狐？背后灵？为什么这个人就和水猴子过不去了,1
大清亡了,,0
一芒、一爽,,0
蜜雪冰城主题曲,,0
主题曲,蜜雪冰城主题曲,1
钓鱼佬永不空军,,0
钓鱼,钓鱼佬永不空军,1
空军,钓鱼佬永不空军,1
吴京中国,,0
阿嘿哈,,0
C罗,,0
采访第一个出考场的XX,,0
让子弹飞申遗,,0
子弹飞,让子弹飞申遗,1
申遗,让子弹飞申遗,1
索隆十字架,,0
玉玉寡欢、藏狐,,0
寡欢,玉玉寡欢、藏狐,1
速通阿伟,,0
三句话让男人为我花了18万,,0
以雷霆击碎黑暗,,0
雷霆,以雷霆击碎黑暗,1
黑暗,以雷霆击碎黑暗,1
贵州和广西相比,,0
贵州,贵州和广西相比,1
广西,贵州和广西相比,1
相比,贵州和广西相比,1
躺平,,0
吸血鬼夫人有,,0
吸血鬼,吸血鬼夫人有,1
夫人,吸血鬼夫人有,1
天天鉴刑,,0
哈,,0
肌肉金轮,,0
夹子,,0
性格主导色,,0
这腿我能玩一年,,0
能玩,这腿我能玩一年,1
一年,这腿我能玩一年,1
天临时代,,0
蓝衣战神,,0
本斥但多,,0
233,,0
我很不安,,0
cheems,,0
星野源贴头,,0
汪汪队立大功,,0
汪汪,汪汪队立大功,1
立大功,汪汪队立大功,1
反戏精黑人小哥,,0
戏精,反戏精黑人小哥,1
曹县,,0
鹿哥喜提二手车,,0
二手车,鹿哥喜提二手车,1
三点几饮茶,,0
藏狐耍双节棍,,0
双节棍,藏狐耍双节棍,1
既然提到了privilege,,0
我们的游戏正在蒸蒸日上,,0
蒸蒸日上,我们的游戏正在蒸蒸日上,1
你能再表演一下那个吗,,0
能再,你能再表演一下那个吗,1
表演,你能再表演一下那个吗,1
一下,你能再表演一下那个吗,1
我来组成头部,,0
来组成头部,我来组成头部,1
独步，我的超人,,0
独步,独步，我的超人,1
一旦接受了这种设定,,0
一旦,一旦接受了这种设定,1
接受,一旦接受了这种设定,1
设定,一旦接受了这种设定,1
饮茶先,,0
毕竟老夫也不是什么恶魔,,0
毕竟,毕竟老夫也不是什么恶魔,1
老夫,毕竟老夫也不是什么恶魔,1
恶魔,毕竟老夫也不是什么恶魔,1
rerorero,,0
其他人做得到吗,,0
其他人,其他人做得到吗,1
做得,其他人做得到吗,1
两面包夹芝士,,0
两面,两面包夹芝士,1
包夹,两面包夹芝士,1
变了啊啊啊啊啊,,0
用爱发电,蕾某人用爱发电,1
厨力放出,,0
逐渐迪化,,0
元首的愤怒,,0
Niconiconi,,0
绅士,,0
为什么你这么熟练啊,,0
熟练,为什么你这么熟练啊,1
xx是一款我的问题,,0
一款,xx是一款我的问题,1
问题,xx是一款我的问题,1
这使你充满了决心,,0
充满,这使你充满了决心,1
决心,这使你充满了决心,1
你脸红个泡泡茶壶,,0
脸红,你脸红个泡泡茶壶,1
泡泡,你脸红个泡泡茶壶,1
茶壶,你脸红个泡泡茶壶,1
建议拉去通渠,,0
建议,建议拉去通渠,1
拉去,建议拉去通渠,1
潘嘎之交,,0
尸体在说话,,0
M1917美国制史密斯维森,,0
M1917,M1917美国制史密斯维森,1
美国制,M1917美国制史密斯维森,1
维森,M1917美国制史密斯维森,1
是洋葱，我加了洋葱,,0
洋葱,是洋葱，我加了洋葱,1
但我的痛苦在你之上,,0
之上,但我的痛苦在你之上,1
真有你们的啊SE,,0
SE,真有你们的啊SE,1
我就是玩儿体,,0
玩儿,我就是玩儿体,1
亿点点,,0
艺术就是爆炸,,0
如果快乐太难，那我祝你平安,,0
快乐太难,如果快乐太难，那我祝你平安,1
祝你平安,如果快乐太难，那我祝你平安,1
心疼哥哥,,0
什么是快乐星球,,0
什么是快乐,什么是快乐星球,1
星球,什么是快乐星球,1
吾辈楷模,,0
山东菏泽曹县牛逼666,,0
山东菏泽曹县,山东菏泽曹县牛逼666,1
牛逼,山东菏泽曹县牛逼666,1
情比金坚七天锁,,0
情比金坚,情比金坚七天锁,1
七天,情比金坚七天锁,1
震撼我妈,,0
前列腺刹车,,0
你是GG还是MM,,0
谷歌生草器,,0
今天的b站就逛到这里吧,,0
今天,今天的b站就逛到这里吧,1
诸君，我好兴奋啊,,0
诸君,诸君，我好兴奋啊,1
兴奋,诸君，我好兴奋啊,1
喷射战士,,0
无能狂怒,,0
大人时代变了,,0
脚只是装饰而已,,0
装饰,脚只是装饰而已,1
谁也不会受伤的世界完成了,,0
会受,谁也不会受伤的世界完成了,1
完成,谁也不会受伤的世界完成了,1
打开了但是没有完全打开,,0
打开,打开了但是没有完全打开,1
我柜子动了,,0
directed by robert b weide,,0
吃席,,0
猴山,,0
连我爸爸都没打过我,,0
打过,连我爸爸都没打过我,1
我们三个太强了,,0
打入四强就算成功,,0
打入,打入四强就算成功,1
四强,打入四强就算成功,1
算成,打入四强就算成功,1
Q宝,,0
杰哥不要啊,,0
纯爱战神,,0
御三家,,0
后撤步,,0
都是时臣的错,,0
没有那种世俗的欲望,,0
世俗,没有那种世俗的欲望,1
欲望,没有那种世俗的欲望,1
罗老师别这样,,0
罗老师,罗老师别这样,1
别这样,罗老师别这样,1
XX指导：XX,,0
世界线收束,,0
内卷,,0
种豆得瓜,,0
prpr呸喽呸喽,,0
危,,0
如果奇迹有颜色，那一定是橙色,,0
奇迹,如果奇迹有颜色，那一定是橙色,1
颜色,如果奇迹有颜色，那一定是橙色,1
橙色,如果奇迹有颜色，那一定是橙色,1
橘里橘气,,0
握着我的抱枕,,0
抱枕,握着我的抱枕,1
梗小鬼,,0
差不多得了,,0
夺笋呐,,0
Nice Boat,,0
接头霸王,,0
DD斩首,,0
橙色正义,,0
清朝老兵,,0
星际玩家,,0
贴贴,,0
谢谢你，Cheems,,0
Surprise Motherfucker,,0
前方高能,,0
天空是蔚蓝色，窗外有千纸鹤,,0
天空,天空是蔚蓝色，窗外有千纸鹤,1
蔚蓝色,天空是蔚蓝色，窗外有千纸鹤,1
窗外,天空是蔚蓝色，窗外有千纸鹤,1
千纸鹤,天空是蔚蓝色，窗外有千纸鹤,1
好耶,,0
逮虾户,,0
越共探头,,0
双厨狂喜,,0
梗警察,,0
快按住老虚,,0
san值,,0
莱纳你坐啊,,0
收手吧xx，外面都是xx,,0
收手,收手吧xx，外面都是xx,1
Swole Doge vs Crying Cheems,,0
电脑配件,,0
鸭子,,0
吔屎啦梁非凡,,0
卡其脱离太,,0
冬冠赛场上那些“一诺行为”到底,,0
赛场上,冬冠赛场上那些“一诺行为”到底,1
一诺,冬冠赛场上那些“一诺行为”到底,1
印尼电信广告IndiHome Paket Phoenix,,0
印尼,印尼电信广告IndiHome Paket Phoenix,1
电信,印尼电信广告IndiHome Paket Phoenix,1
广告,印尼电信广告IndiHome Paket Phoenix,1
IndiHome Paket Phoenix,印尼电信广告IndiHome Paket Phoenix,1
rick roll,,0
山本我日你仙人,,0
山本,山本我日你仙人,1
危险发型,,0
摇头三人组,,0
摇摆羊,,0
嗨~老婆,,0
creeper,,0
抓鸭子,,0
黄毛,,0
听懂掌声,,0
竹节虫get stick bugged lol,,0
懂得都懂,,0
吃个快餐,,0
坎油踹,,0
ohhhhh,,0
到二仙桥走成华大道,,0
二仙桥,到二仙桥走成华大道,1
成华大道,到二仙桥走成华大道,1
"高情商,低情商",,0
高情商,"高情商,低情商",1
低情商,"高情商,低情商",1
小丑竟是我自己,,0
竟是我自己,小丑竟是我自己,1
大鸟转转转,,0
卧龙凤雏,,0
要啥自行车,,0
这不比博人传燃吗,,0
博人传,这不比博人传燃吗,1
教练我想学XX,,0
popo猫,,0
赛博朋克,,0
猪肝酱,,0
捡肥皂,,0
你kin你擦,,0
草,,0
向你敬礼啊salute,,0
梁志超他奶奶,,0
梁志超,梁志超他奶奶,1
战术后仰,,0
我们都有光明的前途,,0
光明的前途,我们都有光明的前途,1
反复横跳,,0
芜湖,,0
KY,,0
人类还有希望吗,,0
希望,人类还有希望吗,1
马自达会堵路上,,0
马自达,马自达会堵路上,1
堵路上,马自达会堵路上,1
凡尔赛文学,,0
这是在干什么,,0
在干什么,这是在干什么,1
那一刻他变成了光,,0
变成了光,那一刻他变成了光,1
退票姐,,0
标准结局,,0
街头法则,,0
年轻人不讲武德,,0
讲武德,年轻人不讲武德,1
蕾某人用爱发电,,0
某人,蕾某人用爱发电,1
阿巴阿巴,,0
三个打一个被反杀会不会玩,,0
反杀,三个打一个被反杀会不会玩,1
会玩,三个打一个被反杀会不会玩,1
网上流传的v3表情包“你妈的为什么”究竟是真是假,,0
网上流传,网上流传的v3表情包“你妈的为什么”究竟是真是假,1
v3,网上流传的v3表情包“你妈的为什么”究竟是真是假,1
"说谎的人要吞一千根针,姿态的一首《说谎》直接让耳朵怀孕",,0
说谎的人,"说谎的人要吞一千根针,姿态的一首《说谎》直接让耳朵怀孕",1
一千,"说谎的人要吞一千根针,姿态的一首《说谎》直接让耳朵怀孕",1
姿态,"说谎的人要吞一千根针,姿态的一首《说谎》直接让耳朵怀孕",1
说谎,"说谎的人要吞一千根针,姿态的一首《说谎》直接让耳朵怀孕",1
耳朵,"说谎的人要吞一千根针,姿态的一首《说谎》直接让耳朵怀孕",1
怀孕,"说谎的人要吞一千根针,姿态的一首《说谎》直接让耳朵怀孕",1
杰克奥特曼为什么会对着赛文说“谢谢你泰罗,,0
杰克奥特曼,杰克奥特曼为什么会对着赛文说“谢谢你泰罗,1
会对,杰克奥特曼为什么会对着赛文说“谢谢你泰罗,1
泰罗,杰克奥特曼为什么会对着赛文说“谢谢你泰罗,1
你这个挺好看的，我是学生能送我吗,,0
挺好看,你这个挺好看的，我是学生能送我吗,1
学生,你这个挺好看的，我是学生能送我吗,1
能送,你这个挺好看的，我是学生能送我吗,1
近期私信解答，百梗交集，你想知道的梗都在这,,0
交集,近期私信解答，百梗交集，你想知道的梗都在这,1
想知道,近期私信解答，百梗交集，你想知道的梗都在这,1
刻在NDA里的东西？别刻了DNA都满了,,0
刻在,刻在NDA里的东西？别刻了DNA都满了,1
NDA,刻在NDA里的东西？别刻了DNA都满了,1
DNA,刻在NDA里的东西？别刻了DNA都满了,1
梗字是从哪来的，梗为什么被叫做梗,,0
打工人，打工魂，打工都是人上人,,0
打工人,打工人，打工魂，打工都是人上人,1
打工魂,打工人，打工魂，打工都是人上人,1
打工,打工人，打工魂，打工都是人上人,1
人上人,打工人，打工魂，打工都是人上人,1
快了快了！等鸡吃完了米，狗舔了面，火烧断了锁up主就女装了,,0
吃完,快了快了！等鸡吃完了米，狗舔了面，火烧断了锁up主就女装了,1
火烧,快了快了！等鸡吃完了米，狗舔了面，火烧断了锁up主就女装了,1
up,快了快了！等鸡吃完了米，狗舔了面，火烧断了锁up主就女装了,1
女装,快了快了！等鸡吃完了米，狗舔了面，火烧断了锁up主就女装了,1
滔博赢下比赛为什么要谢谢小杨生煎,,0
赢下,滔博赢下比赛为什么要谢谢小杨生煎,1
比赛,滔博赢下比赛为什么要谢谢小杨生煎,1
什么要,滔博赢下比赛为什么要谢谢小杨生煎,1
小杨,滔博赢下比赛为什么要谢谢小杨生煎,1
生煎,滔博赢下比赛为什么要谢谢小杨生煎,1
淦字怎么念？是脏话还,,0
怎么念,淦字怎么念？是脏话还,1
您吃了嘛？没吃姐姐给你点外卖,,0
姐姐,您吃了嘛？没吃姐姐给你点外卖,1
点外卖,您吃了嘛？没吃姐姐给你点外卖,1
谁不想当假面骑士呢？我只是一个路过的假面骑士,,0
想当,谁不想当假面骑士呢？我只是一个路过的假面骑士,1
路过,谁不想当假面骑士呢？我只是一个路过的假面骑士,1
这就是名媛,,0
金色传说,,0
快来玩水啊姐妹们,,0
快来,快来玩水啊姐妹们,1
玩水,快来玩水啊姐妹们,1
姐妹们,快来玩水啊姐妹们,1
这合理吗,,0
o泡果奶,,0
我爸爸在夏威夷教我的,,0
在夏威夷,我爸爸在夏威夷教我的,1
好！很有精神,,0
你在教我做事啊,,0
在教,你在教我做事啊,1
做事,你在教我做事啊,1
被绑架了就眨眨眼睛,,0
绑架,被绑架了就眨眨眼睛,1
眨眨眼睛,被绑架了就眨眨眼睛,1
你懂金木的痛吗,,0
金木,你懂金木的痛吗,1
你不对劲,,0
集美,,0
住在山里真不错,,0
住在,住在山里真不错,1
山里,住在山里真不错,1
真不错,住在山里真不错,1
平角裤,,0
FBI open the door,,0
耶斯莫拉,,0
中二病,,0
声微饭否,,0
痛苦面具,,0
NTR,,0
阿珍爱上了阿强,,0
阿珍,阿珍爱上了阿强,1
阿强,阿珍爱上了阿强,1
那可挺令人恶心的,,0
令人恶心,那可挺令人恶心的,1
哔哔安慕希,,0
书币,,0
五虎上将,,0
妙啊,,0
滑铲,,0
可,,0
WDNMD,,0
竟然敢耍俺,,0
这河里吗,,0
这很合理,,0
这恒河里,,0
谁不想,,0
