ac,锕,5
ag,银,5
al,铝,5
am,镅,5
ar,氩,5
as,砷,5
at,砹,5
au,金,5
b,硼,5
be,铍,5
bf,644,3
bf,B—F,3
bk,锫,5
br,溴,5
brbr,193,3
brbr,Br—Br,3
c,碳,5
cb,393,3
cb,C—B,3
cbr,276,3
cbr,C—Br,3
cc,332,3
cc,611,3
cc,837,3
cc,C—C,3
cc,C≡C,3
ccl,328,3
ccl,C—Cl,3
cd,镉,5
cf,485,3
cf,C—F,3
cf,锎,5
ch,414,3
ch,C—H,3
cl,氯,5
clcl,243,3
clcl,Cl—Cl,3
cm,锔,5
cn,305,3
cn,615,3
cn,891,3
cn,C—N,3
cn,C≡N,3
cn,C═N,3
co,326,3
co,728,3
co,803,3
co,C—O,3
co,C═O,3
co,C═O(CO₂),3
co,钴,5
cp,305,3
cp,C—P,3
cr,铬,5
cs,272,3
cs,536,3
cs,577,3
cs,C—S,3
cs,C═S,3
cs,C═S(CS₂),3
cs,铯,5
csi,337,3
csi,347,3
csi,Cs—I,3
csi,C—Si,3
dy,镝,5
eu,铕,5
f,氟,5
fe,铁,5
ff,153,3
ff,F—F,3
fm,镄,5
fr,钫,5
gd,钆,5
h,氢,5
hbr,366,3
hbr,H—Br,3
hcl,431,3
hcl,H—Cl,3
hf,565,3
hf,H—F,3
hf,铪,5
hg,汞,5
hh,436,3
hh,H—H,3
hi,298,3
hi,H—I,3
ho,钬,5
i,碘,5
ii,151,3
ii,I—I,3
in,铟,5
ir,铱,5
k,钾,5
kbr,380,3
kbr,K—Br,3
kcl,433,3
kcl,K—Cl,3
kf,498,3
kf,K—F,3
ki,325,3
ki,K—I,3
kr,氪,5
licl,469,3
licl,Li—Cl,3
lih,238,3
lih,Li—H,3
lii,345,3
lii,Li—I,3
lr,铹,5
mc,镆,5
md,钔,5
mg,镁,5
mn,锰,5
n,氮,5
nabr,367,3
nabr,Na—Br,3
nacl,412,3
nacl,Na—Cl,3
naf,519,3
naf,Na—F,3
nah,186,3
nah,Na—H,3
nb,铌,5
nd,钕,5
nh,389,3
nh,N—H,3
nn,456,3
nn,946,3
nn,N≡N,3
nn,N═N,3
no,230,3
no,607,3
no,N—O,3
no,N═O,3
no,锘,5
np,镎,5
oh,464,3
oh,O—H,3
os,锇,5
p,磷,5
pb,铅,5
pbo,382,3
pbo,Pb—O,3
pbr,272,3
pbr,P—Br,3
pbs,346,3
pbs,Pb—S,3
pcl,331,3
pcl,P—Cl,3
pd,钯,5
ph,322,3
ph,P—H,3
ph,㏗,2
pm,钷,5
pp,213,3
pp,P—P,3
pr,镨,5
pt,铂,5
ra,镭,5
rb,铷,5
rbbr,381,3
rbbr,Rb—Br,3
rbcl,428,3
rbcl,Rb—Cl,3
rbf,494,3
rbf,Rb—F,3
rbi,319,3
rbi,Rb—I,3
rh,铑,5
rn,氡,5
s,硫,5
sb,锑,5
sc,钪,5
seh,314,3
seh,Se—H,3
sh,339,3
sh,S—H,3
sif,552,3
sif,Si—F,3
sih,377,3
sih,Si—H,3
sjer,²,2
sjsan,³,3
sjyi,¹,1
sjjiu,⁰,9
sjsi,⁴,4
sjwu,⁵,5
sjliu,⁶,6
sjqi,⁷,7
sjba,⁸,8
sjjiu,⁹,9
sjf,⁻,2
sjn,ⁿ,21
sjz,⁺,2
sm,钐,5
so,364,3
so,S—O,3
so,S═O,3
sr,锶,5
ss,268,3
ss,S—S,3
ss,S═S,3
tb,铽,5
tc,锝,5
th,钍,5
tm,铥,5
w,钨,5
xe,氙,5
xjling,₀,9
xjyi,₁,1
xjer,₂,2
xjsan,₃,3
xjsi,₄,4
xjwu,₅,5
xjliu,₆,6
xjqi,₇,7
xjba,₈,8
xjjiu,₉,9
xjf,₋,2
xjm,ₘ,2
xjn,ₙ,2
xjz,₊,2
y,钇,5
yb,镱,5
zn,锌,5
zr,锆,5
a,6d¹7s²,2
a,Ac,2
afujiadeluochangshu,6.02214076×10²³ mol⁻¹,2
afujiadeluochangshu,6.02214076×10²³ mol⁻¹,2
afujiadeluochangshu,6.02214076×10²³ mol⁻¹,2
afujiadeluochangshu,6.02214076×10²³ mol⁻¹,2
ai,5f¹¹7s²,2
ai,6s²6p⁵,2
ai,At,2
ai,At₂,2
ai,Es,2
an,NH₃,2
angenlizi,NH₄⁺,2
angenlizi,NH₄⁺,2
anji,—NH₂,2
anjisuan,NH₂CHRCOOH,2
anjisuan,NH₂CHRCOOH,2
anpei,㎀,2
anpei,㎁,2
anpei,㎂,2
anpei,㎃,2
anpei,㎄,2
ao,Og,2
ao,Og,2
ba,4d¹⁰,2
ba,Pd,2
ba,钡,5
baifan,KAl(SO₄)₂·12H₂O,2
bailin,P₄,2
baipi,As₂O₃,2
bei,6s²,2
bei,Ba,2
beilizi,Ba²⁺,2
ben,C₆H₆,2
ben,⌬,2
ben,⏣,2
bendetongxiwu,CₙH₂ₙ₋₆,2
benfen,C₆H₅OH,2
benfendetongxiwu,CₙH₂ₙ₋₇OH,2
benfenna,C₆H₅ONa,2
benji,—Ph,2
benjiaxianji,—COPh,2
benjiaxianji,—COPh,2
benjiaxianji,—COPh,2
benjiaxianji,—COPh,2
benjiaxianyangji,—OCOPh,2
benjiaxianyangji,—OCOPh,2
benjiaxianyangji,—OCOPh,2
benjiaxianyangji,—OCOPh,2
benyangji,—OPh,2
bi,6s²6p³,2
bi,Bi,2
bi,铋,5
bianji,—Bz,2
bianji,—Bz,2
bianji,—CH₂Ph,2
bianji,—CH₂Ph,2
bianyangtangjianji,—NHCOOCH₂Ph,2
bianyangtangjianji,—NHCOOCH₂Ph,2
bianyangtangjianji,—NHCOOCH₂Ph,2
bianyangtangjianji,—NHCOOCH₂Ph,2
bingji,—Pr,2
bingwan,CH₃CH₂CH₃,2
bingwan,C₃H₈,2
bingxi,CH₃CH=CH₂,2
bingxiji,—CH=CH—CH₃,1
bingxisuan,CH₂=CHCOOH,2
bingxisuan,CH₂=CHCOOH,2
bo,515,3
bo,5d⁹6s¹,2
bo,Bh,2
bo,B—O,3
bo,Pt,2
bu,5f⁶7s²,2
bu,Pu,2
ca,钙,5
caojian,K₂CO₃,2
caojian,K₂CO₃,2
caojian,K₂CO₃,2
caojian,K₂CO₃,2
caomuhui,K₂CO₃,2
caomuhui,K₂CO₃,2
caosuan,COOH—COOH,2
caosuan,COOH—COOH,2
caosuan,COOH—COOH,2
caosuan,COOH—COOH,2
caosuan,H₂C₂O₄,2
caosuan,H₂C₂O₄,2
caosuan,H₂C₂O₄,2
caosuan,H₂C₂O₄,2
caosuangen,C₂O₄²⁻,2
caosuangen,C₂O₄²⁻,2
caosuangen,C₂O₄²⁻,2
caosuangen,C₂O₄²⁻,2
caosuangen,C₂O₄²⁻,2
caosuangen,C₂O₄²⁻,2
ce,铈,5
chendian,↓,2
chendian,↓,2
chensha,HgS,2
chonggesuangen,Cr₂O₇²⁻,2
chonggesuangen,Cr₂O₇²⁻,2
chonggesuangen,Cr₂O₇²⁻,2
chonggesuanjia,K₂Cr₂O₇,2
chonggesuanjia,K₂Cr₂O₇,2
chonggesuanjia,K₂Cr₂O₇,2
chonggesuanjia,K₂Cr₂O₇,2
choujian,Na₂S,2
choujian,Na₂S,2
chouyang,O₃,2
chunjian,Na₂CO₃,2
chunjian,Na₂CO₃,2
ci,240,3
ci,C—I,3
cihuang,As₂O₃,2
cihuang,As₂O₃,2
cilinsuan,H₃PO₂,2
cilinsuan,H₃PO₂,2
cilvsuan,HClO,2
cilvsuan,HClO,2
cilvsuangai,Ca(ClO)₂,2
cilvsuangai,Ca(ClO)₂,2
cilvsuangai,Ca(ClO)₂,2
cilvsuangen,ClO⁻,2
cilvsuangen,ClO⁻,2
cilvsuangen,ClO⁻,2
cilvsuanna,NaClO,2
cilvsuanna,NaClO,2
cu,铜,5
cusuan,CH₃COOH,2
cusuan,CH₃COOH,2
da,Ds,2
dan,2s²2p³,2
dan,N,2
dan,N₂,2
danfan,CuSO₄·5H₂O,2
dangong,Hg₂Cl₂,2
danjian,­—,2
danjian,­—,2
danqi,N₂,2
dansha,HgS,2
dasuda,Na₂S₂O₃·5H₂O,2
de,4d⁵5s²,2
de,Tc,2
di,4f¹⁰6s²,2
di,Dy,2
di,Te,2
dian,5s²5p⁵,2
dian,5s²5p⁵,2
dian,I,2
dian,I,2
dian,I₂,2
dian,I₂,2
dianfen,(C₆H₁₀O₅)ₙ,2
dianfen,(C₆H₁₀O₅)ₙ,2
dianhuaqing,HI,2
dianhuaqing,HI,2
dianhuaqing,HI,2
dianhuaqing,HI,2
dianji,—I,2
dianji,—I,2
dianlizi,I⁻,2
dianlizi,I⁻,2
dianshi,CaC₂,2
dianshi,CaC₂,2
dianzi,e⁻,2
dianzi,e⁻,2
dianzidianheliang,1.602176634×10⁻¹⁹C,2
dianzidianheliang,1.602176634×10⁻¹⁹C,2
dianzidianheliang,1.602176634×10⁻¹⁹C,2
dianzidianheliang,1.602176634×10⁻¹⁹C,2
dianzidianheliang,1.602176634×10⁻¹⁹C,2
dianzidianheliang,1.602176634×10⁻¹⁹C,2
dianzidianheliang,1.602176634×10⁻¹⁹C,2
dianzidianheliang,1.602176634×10⁻¹⁹C,2
dianzizhiliang,9.10938291×10⁻³¹kg,2
dianzizhiliang,9.10938291×10⁻³¹kg,2
dianzizhiliang,9.10938291×10⁻³¹kg,2
dianzizhiliang,9.10938291×10⁻³¹kg,2
diu,4f¹³6s²,2
diu,Tm,2
dong,6s²6p⁶,2
dong,Rn,2
du,6d³7s²,2
du,Db,2
duotang,(C₆H₁₀O₅)ₙ,2
duotang,(C₆H₁₀O₅)ₙ,2
e,5d⁶6s²,2
e,Os,2
ebi,Rb—I,3
er,4f¹²6s²,2
er,Er,2
er,铒,5
eranheyinlizi,[Ag(NH₃)₂]⁺,2
eranheyinlizi,[Ag(NH₃)₂]⁺,2
erjiaanji,—N(CH₃)₂,2
erjiaanji,—N(CH₃)₂,2
erlvjiawan,CH₂Cl₂,2
erlvjiawan,CH₂Cl₂,2
erxiting,CₙH₂ₙ₋₂,2
eryanghuadan,NO₂,2
eryanghuadan,NO₂,2
eryanghuagui,SiO₂,2
eryanghuagui,SiO₂,2
eryanghualiu,SO₂,2
eryanghualiu,SO₂,2
eryanghualv,ClO₂,2
eryanghualv,ClO₂,2
eryanghuameng,MnO₂,2
eryanghuameng,MnO₂,2
eryanghuaqian,PbO₂,2
eryanghuaqian,PbO₂,2
eryanghuaqian,PbO₂,2
eryanghuaqian,PbO₂,2
eryanghuatan,CO₂,2
eryanghuatan,CO₂,2
eryianji,—N(C₂H₅)₂,2
fala,㎊,2
fala,㎋,2
fala,㎌,2
faladichangshu,9.64853365×10⁴C/mol,2
fan,3d³4s²,2
fan,V,2
fang,7s¹,2
fang,Fr,2
fangxiangji,—Ar,2
fangxiangji,—Ar,2
fantu,Al₂O₃,2
fei,5d¹²7s²,2
fei,Fm,2
feimi,㎙,2
fenmi,㍷,2
fenmi,㍸,2
fenmi,㍹,2
fu,2s²2p⁵,2
fu,F,2
fu,Fl,2
fu,F₂,2
fuhuaqing,HF,2
fuhuaqing,HF,2
fuji,—F,2
fulizi,F⁻,2
fuqi,F₂,2
fushi,CaF₂,2
fute,㎴,2
fute,㎵,2
fute,㎶,2
fute,㎷,2
fute,㎸,2
fute,㎹,2
ga,4f⁷5d¹6s²,2
ga,Gd,2
ga,镓,5
gai,4s²,2
gai,Ca,2
gailizi,Ca²⁺,2
ganansuan,NH₂CH₂COOH,2
ganansuan,NH₂CH₂COOH,2
ganansuan,NH₂CH₂COOH,2
ganansuan,NH₂CH₂COOH,2
ganchun,HOCH₂CH₂OH,2
gangyu,Al₂O₃,2
gao,4d²5s²,2
gao,4d²5s²,2
gao,Zr,2
gao,Zr,2
gaomengsuangen,MnO₄⁻,2
gaomengsuangen,MnO₄⁻,2
gaomengsuangen,MnO₄⁻,2
gaomengsuangen,MnO₄⁻,2
gaomengsuangen,MnO₄⁻,2
gaomengsuangen,MnO₄⁻,2
gaomengsuanjia,KMnO₄,2
gaomengsuanjia,KMnO₄,2
gaomengsuanjia,KMnO₄,2
gaomengsuanjia,KMnO₄,2
gaomengsuanjia,KMnO₄,2
gaomengsuanjia,KMnO₄,2
gaomengsuanjia,KMnO₄,2
gaomengsuanjia,KMnO₄,2
gaotiesuangen,FeO₄²⁻,2
gaotiesuangen,FeO₄²⁻,2
gaotiesuangen,FeO₄²⁻,2
gaotiesuangen,FeO₄²⁻,2
gaotiesuangen,FeO₄²⁻,2
gaotiesuangen,FeO₄²⁻,2
gaotiesuangen,FeO₄²⁻,2
gaotiesuangen,FeO₄²⁻,2
gaotiesuangen,FeO₄²⁻,2
gaotiesuangen,FeO₄²⁻,2
gaotiesuangen,FeO₄²⁻,2
gaotiesuangen,FeO₄²⁻,2
gaotiesuanjia,K₂FeO₄,2
gaotiesuanjia,K₂FeO₄,2
gaotiesuanjia,K₂FeO₄,2
gaotiesuanjia,K₂FeO₄,2
gaotiesuanjia,K₂FeO₄,2
gaotiesuanjia,K₂FeO₄,2
gaotiesuanjia,K₂FeO₄,2
gaotiesuanjia,K₂FeO₄,2
gaotiesuanjia,K₂FeO₄,2
gaotiesuanjia,K₂FeO₄,2
gaotiesuanjia,K₂FeO₄,2
gaotiesuanjia,K₂FeO₄,2
gaotiesuanjia,K₂FeO₄,2
gaotiesuanjia,K₂FeO₄,2
gaotiesuanjia,K₂FeO₄,2
gaotiesuanjia,K₂FeO₄,2
gaotiesuannie,NiFeO₄,2
gaotiesuannie,NiFeO₄,2
gaotiesuannie,NiFeO₄,2
gaotiesuannie,NiFeO₄,2
gaotiesuannie,NiFeO₄,2
gaotiesuannie,NiFeO₄,2
gaotiesuannie,NiFeO₄,2
gaotiesuannie,NiFeO₄,2
gaotiesuannie,NiFeO₄,2
gaotiesuannie,NiFeO₄,2
gaotiesuannie,NiFeO₄,2
gaotiesuannie,NiFeO₄,2
gaotiesuannie,NiFeO₄,2
gaotiesuannie,NiFeO₄,2
gaotiesuannie,NiFeO₄,2
gaotiesuannie,NiFeO₄,2
ge,3d⁵4s¹,2
ge,4d¹⁰5s²,2
ge,Cd,2
ge,Cn,2
ge,Cr,2
ge,锗,5
gesuangen,CrO₄²⁻,2
gesuangen,CrO₄²⁻,2
gesuangen,CrO₄²⁻,2
gong,5d¹⁰6s²,2
gong,Hg,2
gonglizi,Hg²⁺,2
gu,3d⁷4s²,2
gu,Co,2
guangsu,2.99792458×10⁸m/s,2
guangsu,2.99792458×10⁸m/s,2
gui,3s²3p²,2
gui,Si,2
guisuan,H₂SiO₃,2
guisuan,H₂SiO₃,2
guisuangen,SiO₃²⁻,2
guisuangen,SiO₃²⁻,2
guisuangen,SiO₃²⁻,2
guisuanna,Na₂SiO₃,2
guisuanna,Na₂SiO₃,2
guotang,C₆H₁₂O₆,2
guotang,C₆H₁₂O₆,2
guoyanghuana,Na₂O₂,2
guoyanghuana,Na₂O₂,2
guoyanghuana,Na₂O₂,2
guoyanghuana,Na₂O₂,2
guoyanghuana,Na₂O₂,2
guoyanghuana,Na₂O₂,2
guoyanghuana,Na₂O₂,2
guoyanghuana,Na₂O₂,2
guoyanghuaqing,H₂O₂,2
guoyanghuaqing,H₂O₂,2
guoyanghuaqing,H₂O₂,2
guoyanghuaqing,H₂O₂,2
ha,5d²6s²,2
ha,Hf,2
hai,1s²,2
hai,He,2
haibo,Na₂S₂O₃·5H₂O,2
haofan,ZnSO₄·7H₂O,2
haofan,ZnSO₄·7H₂O,2
haomi,㎜,2
haomi,㎜,2
haomi,㎟,2
haomi,㎟,2
haomi,㎣,2
haomi,㎣,2
haosheng,㏄,2
haosheng,㏄,2
he,氦,5
hei,Hs,2
hezi,㎐,2
hezi,㎑,2
hezi,㎒,2
hezi,㎓,2
hezi,㎔,2
hongdan,Pb₃O₄,2
hongfanjia,K₂Cr₂O₇,2
hongfanjia,K₂Cr₂O₇,2
hongfanna,Na₂Cr₂O₇,2
huangdan,PbO,2
huangdan,PbO,2
huangqiangshui,H₂SO₄,2
huangqiangshui,H₂SO₄,2
huangqiangshui,H₂SO₄,2
huangqiangshui,H₂SO₄,2
huangsuanji,—SO₃H,2
huangsuanji,—SO₃H,2
huangsuanji,—SO₃H,2
huangsuanji,—SO₃H,2
huanwanting,CₙH₂ₙ,2
huanwanting,CₙH₂ₙ,2
huashidu,℉,2
huashidu,℉,2
huimengyang,KMnO₄,2
huo,4f¹¹6s²,2
huo,4f¹¹6s²,2
huo,Ho,2
huo,Ho,2
huojian,NaOH,2
huojian,NaOH,2
huojian,NaOH,2
huojian,NaOH,2
jia,4s²4p¹,2
jia,4s²4p¹,2
jia,4s¹,2
jia,4s¹,2
jia,Ga,2
jia,Ga,2
jia,K,2
jia,K,2
jiaanji,—NHCH₃,2
jiaanji,—NHCH₃,2
jiachun,CH₃OH,2
jiachun,CH₃OH,2
jiachun,CH₄O,2
jiachun,CH₄O,2
jiaji,—CH₃,2
jiaji,—CH₃,2
jiaji,—Me,2
jiaji,—Me,2
jiajian,K₂CO₃,2
jiajian,K₂CO₃,2
jiajian,K₂CO₃,2
jiajian,K₂CO₃,2
jiajihuangxianji,—SO₂CH₃,2
jiajihuangxianji,—SO₂CH₃,2
jiajihuangxianji,—SO₂CH₃,2
jiajihuangxianji,—SO₂CH₃,2
jiajihuangxianji,—SO₂CH₃,2
jiajihuangxianji,—SO₂CH₃,2
jiajihuangxianji,—SO₂CH₃,2
jiajihuangxianji,—SO₂CH₃,2
jializi,K⁺,2
jializi,K⁺,2
jianshitansuantong,Cu₂(OH)₂CO₃,2
jianshitansuantong,Cu₂(OH)₂CO₃,2
jianshitansuantong,Cu₂(OH)₂CO₃,2
jianshitansuantong,Cu₂(OH)₂CO₃,2
jiaquan,CH₂O,2
jiaquan,CH₂O,2
jiaquan,CH₂O,2
jiaquan,CH₂O,2
jiaquan,HCHO,2
jiaquan,HCHO,2
jiaquan,HCHO,2
jiaquan,HCHO,2
jiare,≜,2
jiare,≜,2
jiare,△,2
jiare,△,2
jiasuan,CH₂O₂,2
jiasuan,CH₂O₂,2
jiasuan,CH₂O₂,2
jiasuan,CH₂O₂,2
jiasuan,HCOOH,2
jiasuan,HCOOH,2
jiasuan,HCOOH,2
jiasuan,HCOOH,2
jiasuanjiazhi,C₂H₄O₂,2
jiasuanjiazhi,C₂H₄O₂,2
jiasuanjiazhi,C₂H₄O₂,2
jiasuanjiazhi,C₂H₄O₂,2
jiasuanjiazhi,C₂H₄O₂,2
jiasuanjiazhi,C₂H₄O₂,2
jiasuanjiazhi,C₂H₄O₂,2
jiasuanjiazhi,C₂H₄O₂,2
jiasuanjiazhi,HCOOCH₃,2
jiasuanjiazhi,HCOOCH₃,2
jiasuanjiazhi,HCOOCH₃,2
jiasuanjiazhi,HCOOCH₃,2
jiasuanjiazhi,HCOOCH₃,2
jiasuanjiazhi,HCOOCH₃,2
jiasuanjiazhi,HCOOCH₃,2
jiasuanjiazhi,HCOOCH₃,2
jiasuanna,HCOONa,2
jiasuanna,HCOONa,2
jiasuanna,HCOONa,2
jiasuanna,HCOONa,2
jiawan,CH₄,2
jiawan,CH₄,2
jiaxianji,—COH,2
jiaxianji,—COH,2
jiaxianji,—COH,2
jiaxianji,—COH,2
jiaxianyangji,—OCOH,2
jiaxianyangji,—OCOH,2
jiaxianyangji,—OCOH,2
jiaxianyangji,—OCOH,2
jiayangji,—OCH₃,2
jiayangji,—OCH₃,2
jin,5d¹⁰6s¹,2
jin,Au,2
ju,5f⁷6d¹7s²,2
ju,Cm,2
kai,5f¹⁰7s²,2
kai,Cf,2
kaluli,㎈,2
kaluli,㎉,2
kang,3d¹4s²,2
kang,Sc,2
ke,4s²4p⁶,2
ke,Kr,2
ke,㎍,2
ke,㎎,2
ke,㎏,2
kemeimoer,g/mol ,2
keni,⇌,2
kexingjia,KOH,2
kexingjia,KOH,2
kexingna,NaOH,2
kutu,MgO,2
kuyan,MgSO₄·7H₂O,2
la,镧,5
lai,5d⁵6s²,2
lai,Re,2
lan,5d¹6s²,2
lan,La,2
lanfan,CuSO₄·5H₂O,2
lao,4d⁸5s¹,2
lao,4d⁸5s¹,2
lao,5f¹⁴6d¹7s²,2
lao,5f¹⁴6d¹7s²,2
lao,Lr,2
lao,Lr,2
lao,Rh,2
lao,Rh,2
lei,7s²,2
lei,Ra,2
li,2s¹,2
li,Li,2
li,Lv,2
li,锂,5
liao,4d⁷5s¹,2
liao,4d⁷5s¹,2
liao,4d⁷5s¹,2
liao,4d⁷5s¹,2
liao,Ru,2
liao,Ru,2
liao,Ru,2
liao,Ru,2
lilizi,Li⁺,2
limi,㎝,2
limi,㎠,2
limi,㎤,2
lin,3s²3p³,2
lin,P,2
linsuan,H₃PO₄,2
linsuan,H₃PO₄,2
linsuanerqingjia,KH₂PO₄,2
linsuanerqingjia,KH₂PO₄,2
linsuanerqingjia,KH₂PO₄,2
linsuanerqingjia,KH₂PO₄,2
liu,3s²3p⁴,2
liu,S,2
liu,S₂,2
liu,S₈,2
liudailiusuangen,S₂O₃²⁻,2
liudailiusuangen,S₂O₃²⁻,2
liudailiusuangen,S₂O₃²⁻,2
liudailiusuanna,Na₂S₂O₃,2
liudailiusuanna,Na₂S₂O₃,2
liuhuajian,Na₂S,2
liuhuajian,Na₂S,2
liuhuajian,Na₂S,2
liuhuajian,Na₂S,2
liuhuana,Na₂S,2
liuhuana,Na₂S,2
liuhuana,Na₂S,2
liuhuana,Na₂S,2
liuhuaqing,H₂S,2
liuhuaqing,H₂S,2
liuhuatong,CuS,2
liuhuatong,CuS,2
liulizi,S²⁻,2
liuqinggen,SCN⁻,2
liuqinggenlizi,SCN⁻,2
liuqinghuajia,KSCN,2
liuqinghuajia,KSCN,2
liuqinghuajia,KSCN,2
liuqinghuajia,KSCN,2
liuqinghuatie,Fe(SCN)₃,2
liuqinghuatie,Fe(SCN)₃,2
liuqinghuatie,Fe(SCN)₃,2
liuqinghuatie,Fe(SCN)₃,2
liusuan,H₂SO₄,2
liusuan,H₂SO₄,2
liusuanan,(NH₄)₂SO₄,2
liusuanan,(NH₄)₂SO₄,2
liusuanan,(NH₄)₂SO₄,2
liusuanbei,BaSO₄,2
liusuanbei,BaSO₄,2
liusuangai,CaSO₄,2
liusuangai,CaSO₄,2
liusuangai,CaSO₄,2
liusuangen,SO₄²⁻,2
liusuangen,SO₄²⁻,2
liusuangen,SO₄²⁻,2
liusuanjia,K₂SO₄,2
liusuanjia,K₂SO₄,2
liusuanjia,K₂SO₄,2
liusuanjia,K₂SO₄,2
liusuanlv,Al₂(SO₄)₃,2
liusuanlv,Al₂(SO₄)₃,2
liusuanlvjia,KAl(SO₄)₂,2
liusuanlvjia,KAl(SO₄)₂,2
liusuanlvjia,KAl(SO₄)₂,2
liusuanlvjia,KAl(SO₄)₂,2
liusuanlvjia,KAl(SO₄)₂·12H₂O,2
liusuanlvjia,KAl(SO₄)₂·12H₂O,2
liusuanlvjia,KAl(SO₄)₂·12H₂O,2
liusuanlvjia,KAl(SO₄)₂·12H₂O,2
liusuanmei,MgSO₄,2
liusuanmei,MgSO₄,2
liusuanna,Na₂SO₄,2
liusuanna,Na₂SO₄,2
liusuanqingjia,KHSO₄,2
liusuanqingjia,KHSO₄,2
liusuanqingjia,KHSO₄,2
liusuanqingjia,KHSO₄,2
liusuanqingna,NaHSO₄,2
liusuanqingna,NaHSO₄,2
liusuantie,Fe₂ (SO₄)₃,2
liusuantie,Fe₂ (SO₄)₃,2
liusuantie,Fe₂ (SO₄)₃,2
liusuantie,Fe₂ (SO₄)₃,2
liusuantong,CuSO₄,2
liusuantong,CuSO₄,2
liusuantong,CuSO₄·5H₂O,2
liusuantong,CuSO₄·5H₂O,2
liusuanxian,—OSO₂O—,2
liusuanxian,—OSO₂O—,2
liusuanxian,—OSO₂O—,2
liusuanxian,—OSO₂O—,2
liusuanyatie,FeSO₄,2
liusuanyatie,FeSO₄,2
liusuanyatie,FeSO₄,2
liusuanyatie,FeSO₄,2
liusuanyatie,FeSO₄·7H₂O,2
liusuanyatie,FeSO₄·7H₂O,2
liusuanyatie,FeSO₄·7H₂O,2
liusuanyatie,FeSO₄·7H₂O,2
liuxian,—SO₂—,2
liuxian,—SO₂—,2
lu,4f¹⁴5d¹6s²,2
lu,6d²7s²,2
lu,Lu,2
lu,Rf,2
lu,镥,5
lun,Rg,2
lv,3s²3p¹,2
lv,3s²3p⁵,2
lv,Al,2
lv,Cl,2
lv,Cl₂,2
lvfan,FeSO₄·7H₂O,2
lvfang,CHCl₃,2
lvhuabei,BaCl₂,2
lvhuabei,BaCl₂,2
lvhuagai,CaCl₂,2
lvhuagai,CaCl₂,2
lvhuajia,KCl,2
lvhuajia,KCl,2
lvhuajia,KCl,2
lvhuajia,KCl,2
lvhualv,AlCl₃,2
lvhualv,AlCl₃,2
lvhuamei,MgCl₂,2
lvhuamei,MgCl₂,2
lvhuana,NaCl,2
lvhuana,NaCl,2
lvhuana,NaCl,2
lvhuana,NaCl,2
lvhuaqing,HCl,2
lvhuaqing,HCl,2
lvhuatie,FeCl₃,2
lvhuatie,FeCl₃,2
lvhuatie,FeCl₃,2
lvhuatie,FeCl₃,2
lvhuatong,CuCl₂,2
lvhuatong,CuCl₂,2
lvhuaxin,ZnCl₂,2
lvhuaxin,ZnCl₂,2
lvhuayatie,FeCl₂,2
lvhuayatie,FeCl₂,2
lvhuayatie,FeCl₂,2
lvhuayatie,FeCl₂,2
lvhuayin,AgCl,2
lvhuayin,AgCl,2
lvji,—Cl,2
lvlizi,Al³⁺,3
lvlizi,Cl⁻,2
lvqi,Cl₂,2
lvsha,NH₄Cl,2
lvsuanjia,KClO₃,2
lvsuanjia,KClO₃,2
lvsuanjia,KClO₃,2
lvsuanjia,KClO₃,2
lvyiwan,C₂H₅Cl,2
mai,Mt,2
maiyatang,C₁₂H₂₂O₁₁,2
mangxiao,Na₂SO₄·10H₂O,2
mangxiao,Na₂SO₄·10H₂O,2
mangxiao,Na₂SO₄·10H₂O,2
mangxiao,Na₂SO₄·10H₂O,2
mei,3s²,2
mei,5f⁷7s²,2
mei,Am,2
mei,Mg,2
meilizi,Mg²⁺,2
men,5f¹³7s²,2
men,Md,2
meng,3d⁵4s²,2
meng,Mn,2
menglizi,Mn²⁺,2
mengsuanjia,K₂MnO₄,2
mengsuanjia,K₂MnO₄,2
mengsuanjia,K₂MnO₄,2
mengsuanjia,K₂MnO₄,2
mi,㎡,2
mi,㎥,2
miao,㎰,2
miao,㎰,2
miao,㎰,2
miao,㎱,2
miao,㎱,2
miao,㎱,2
miao,㎲,2
miao,㎲,2
miao,㎲,2
miao,㎳,2
miao,㎳,2
miao,㎳,2
mier,㏕,2
mijian,—O—,2
mijian,—O—,2
mingfan,KAl(SO₄)₂·12H₂O,2
mituoseng,PbO,2
mituoseng,PbO,2
mo,Mc,2
mo,钼,5
moer,㏖,2
moermeisheng,mol/L ,2
moermeishengmeimiao,mol·L⁻¹·s⁻¹,2
moermeishengmeimiao,mol·L⁻¹·s⁻¹,2
moermeishengmeimiao,mol·L⁻¹·s⁻¹,2
moerqitichangliang,8.3144621 J/(mol·K),2
moerqitichangliang,8.3144621 J/(mol·K),2
moeryan,FeSO₄·(NH₄)₂SO₄·6H₂O,2
mu,4d⁵5s¹,2
mu,Mo,2
na,3s¹,2
na,5f⁴6d¹7s²,2
na,Na,2
na,Np,2
na,钠,5
nai,2s²2p⁶,2
nai,304,3
nai,Na—I,3
nai,Ne,2
nalizi,Na⁺,2
nami,㎚,2
ne,氖,5
ni,4d⁴5s¹,2
ni,Nb,2
ni,Nh,2
ni,镊,5
niaosu,CO(NH₂)₂,2
niaosu,CO(NH₂)₂,2
niaosu,CO(NH₂)₂,2
nie,3d⁸4s²,2
nie,3d⁸4s²,2
nie,Ni,2
nie,Ni,2
nuo,5f¹⁴7s²,2
nuo,5f¹⁴7s²,2
nuo,No,2
nuo,No,2
nv,4f⁴6s²,2
nv,Nd,2
o,氧,5
oo,146,3
oo,498,3
oo,O—O,3
oo,O═O,3
oumu,Ω,2
oumu,㏀,2
oumu,㏁,2
pa,镤,5
paohuajian,Na₂SiO₃,2
paohuajian,Na₂SiO₃,2
paohuajian,Na₂SiO₃,2
paohuajian,Na₂SiO₃,2
paohuajian,Na₂SiO₃,2
paohuajian,Na₂SiO₃,2
paohuajian,Na₂SiO₃,2
paohuajian,Na₂SiO₃,2
pasika,㎩,2
pasika,㎪,2
pasika,㎫,2
pasika,㎬,2
pei,5f⁹7s²,2
pei,Bk,2
peng,2s²2p¹,2
peng,B,2
pengsha,Na₂B₄O₇·10H₂O,2
pengsuan,H₃BO₃,2
pengsuan,H₃BO₃,2
pi,2s²,2
pi,Be,2
pianerjiajing,[(CH₃)₂NNH₂],2
pianerjiajing,[(CH₃)₂NNH₂],2
pianerjiajing,[(CH₃)₂NNH₂],2
pianerjiajing,[(CH₃)₂NNH₂],2
pianlvsuangen,AlO₂⁻,2
pianlvsuangen,AlO₂⁻,2
pianlvsuangen,AlO₂⁻,2
pianlvsuangen,AlO₂⁻,2
pianlvsuangen,AlO₂⁻,2
pianlvsuangen,AlO₂⁻,2
pianlvsuanna,NaAlO₂,2
pianlvsuanna,NaAlO₂,2
pianlvsuanna,NaAlO₂,2
pianlvsuanna,NaAlO₂,2
pishuang,As₂O₃,2
pishuang,As₂O₃,2
pixiao,Na₂SO₄·10H₂O,2
pixiao,Na₂SO₄·10H₂O,2
pixiao,Na₂SO₄·10H₂O,2
pixiao,Na₂SO₄·10H₂O,2
po,410,3
po,4f⁵6s²,2
po,6s²6p⁴,2
po,Pm,2
po,Po,2
po,P—O,3
po,P═O,3
po,钋,5
pu,4f³6s²,2
pu,5f²6d¹7s²,2
pu,Pa,2
pu,Pr,2
pu,钚,5
pulangkechangshu,6.62607015×10⁻³⁴J·s,2
putaotang,C₆H₁₂O₆,2
putaotang,C₆H₁₂O₆,2
qian,6s²6p²,2
qian,6s²6p²,2
qian,Pb,2
qian,Pb,2
qiandan,Pb₃O₄,2
qiandan,Pb₃O₄,2
qianfenzhi,‰,2
qianfenzhi,‰,2
qiangji,—OH,2
qiangji,—OH,2
qianjiaomeimo,kJ/mol,2
qianjiaomeimo,kJ/mol,2
qianjiaomeimo,kJ/mol,2
qianjiaomeimo,kJ/mol,2
qianjiaomeimo,kJ/mol,2
qianjiaomeimo,kJ/mol,2
qianjiaomeimo,kJ/mol,2
qianjiaomeimo,kJ/mol,2
qianmi,㎞,2
qianmi,㎞,2
qianmi,㎢,2
qianmi,㎢,2
qianmi,㎦,2
qianmi,㎦,2
qing,1s¹,2
qing,H,2
qing,H₂,2
qingdiansuan,HI,2
qingdiansuan,HI,2
qingdiansuan,HI,2
qingdiansuan,HI,2
qingfusuan,HF,2
qingfusuan,HF,2
qinggen,CN⁻,2
qingji,—H,2
qinglizi,H⁺,2
qingqi,H₂,2
qingqingsuan,HCN,2
qingqingsuan,HCN,2
qingxiusuan,HBr,2
qingxiusuan,HBr,2
qingyanggen,OH⁻,2
qingyanghuabei,Ba(OH)₂,2
qingyanghuabei,Ba(OH)₂,2
qingyanghuagai,Ca(OH)₂,2
qingyanghuagai,Ca(OH)₂,2
qingyanghualv,Al(OH)₃,2
qingyanghualv,Al(OH)₃,2
qingyanghuamei,Mg(OH)₂,2
qingyanghuamei,Mg(OH)₂,2
qingyanghuana,NaOH,2
qingyanghuana,NaOH,2
qingyanghuana,NaOH,2
qingyanghuana,NaOH,2
qingyanghuatie,Fe(OH)₃,2
qingyanghuatie,Fe(OH)₃,2
qingyanghuatie,Fe(OH)₃,2
qingyanghuatie,Fe(OH)₃,2
qingyanghuatong,Cu(OH)₂,2
qingyanghuatong,Cu(OH)₂,2
qingyanghuaxin,Zn(OH)₂,2
qingyanghuaxin,Zn(OH)₂,2
qingyanghuayangmeng,MnO(OH),2
qingyanghuayangmeng,MnO(OH),2
qingyanghuayatie,Fe(OH)₂,2
qingyanghuayatie,Fe(OH)₂,2
qingyanghuayatie,Fe(OH)₂,2
qingyanghuayatie,Fe(OH)₂,2
qiti,↑,2
qiuji,—SH,2
qiyanghuaermeng,Mn₂O₇,2
qiyanghuaermeng,Mn₂O₇,2
quan,CₙH₂ₙ₊₁CHO,2
quan,CₙH₂ₙ₊₁CHO,2
queting,CₙH₂ₙ₋₂,2
queting,CₙH₂ₙ₋₂,2
re,铼,5
ru,5s¹,2
ru,Rb,2
ru,钌,5
rutang,C₁₂H₂₂O₁₁,2
sanjian,≡,2
sanjian,≡,2
sanlvjiawan,CHCl₃,2
sanlvjiawan,CHCl₃,2
sanyanghuaerge,Cr₂O₃,2
sanyanghuaerge,Cr₂O₃,2
sanyanghuaertie,Fe₂O₃,2
sanyanghuaertie,Fe₂O₃,2
sanyanghuaertie,Fe₂O₃,2
sanyanghuaertie,Fe₂O₃,2
sanyanghualiu,SO₃,2
sanyanghualiu,SO₃,2
sanyanghuawu,WO₃,2
sanyanghuawu,WO₃,2
se,6s¹,2
se,Cs,2
se,硒,5
sese,Se—Se,3
shan,4f⁶6s²,2
shan,Sm,2
shanai,NaCN,2
shanai,NaCN,2
shannai,NaCN,2
shaojian,NaOH,2
shaojian,NaOH,2
shaojian,NaOH,2
shaojian,NaOH,2
shen,4s²4p³,2
shen,As,2
shengcheng,→,3
shengcheng,═══,2
shenggong,HgCl₂,2
shengmeimoer,L/mol,2
sheshidu,℃,2
shi,4f¹5d¹6s²,2
shi,Ce,2
shigao,CaSO₄·2H₂O,2
shigao,CaSO₄·2H₂O,2
shiying,SiO₂,2
shuangjian,=,2
shuangjian,=,2
shuangjian,=,2
shuangjian,=,2
shuangyangshui,H₂O₂,2
shuangyangshui,H₂O₂,2
shudingji,—Bu—t,2
shudingji,—C(CH₃)₃,2
shudingyangtangji,—COOC(CH₃)₃,2
shui,H₂O,2
shuiboli,Na₂SiO₃,2
shushihui,Ca(OH)₂,2
si,5s²,2
si,Sr,2
si,硅,5
sianhetonglizi,[Cu(NH₃)₄]²⁺,2
silvhuatan,CCl₄,2
silvhuatan,CCl₄,2
silvjiawan,CCl₄,2
silvjiawan,CCl₄,2
sio,460,3
sio,Si—O,3
siqiangjihelvsuangen,[Al(OH)₄]⁻,2
siqiangjihelvsuangen,[Al(OH)₄]⁻,2
siqiangjihelvsuangen,[Al(OH)₄]⁻,2
siqiangjihelvsuangen,[Al(OH)₄]⁻,2
siqiangjihelvsuangen,[Al(OH)₄]⁻,2
siqiangjihelvsuangen,[Al(OH)₄]⁻,2
siqiangjihepengsuangen,[B(OH)₄]⁻,2
siqiangjihepengsuangen,[B(OH)₄]⁻,2
siqiangjihepengsuangen,[B(OH)₄]⁻,2
siqiangjihepengsuangen,[B(OH)₄]⁻,2
siqiangjihepengsuangen,[B(OH)₄]⁻,2
siqiangjihepengsuangen,[B(OH)₄]⁻,2
sisi,176,3
sisi,Si—Si,3
siyanghuaerdan,N₂O₄,2
siyanghuaerdan,N₂O₄,2
siyanghuasantie,Fe₃O₄,2
siyanghuasantie,Fe₃O₄,2
siyanghuasantie,Fe₃O₄,2
siyanghuasantie,Fe₃O₄,2
suda,Na₂CO₃,2
suoji,—COOH,2
suoji,—COOH,2
suosuan,CₙH₂ₙ₊₁COOH,2
suosuan,CₙH₂ₙ₊₁COOH,2
suosuan,CₙH₂ₙ₊₁COOH,2
suosuan,CₙH₂ₙ₊₁COOH,2
ta,6s²6p¹,2
ta,Tl,2
ta,钽,5
tai,3d²4s²,2
tai,Ti,2
taibai,TiO₂,2
taijian,—NH—CO—,2
taijian,—NH—CO—,2
tan,2s²2p²,2
tan,5d³6s²,2
tan,C,2
tan,Ta,2
tangji,—CO—,2
tanhuagai,CaC₂,2
tanhuagai,CaC₂,2
tansuan,H₂CO₃,2
tansuan,H₂CO₃,2
tansuangai,CaCO₃,2
tansuangai,CaCO₃,2
tansuangai,CaCO₃,2
tansuangen,CO₃²⁻,2
tansuangen,CO₃²⁻,2
tansuangen,CO₃²⁻,2
tansuanjia,K₂CO₃,2
tansuanjia,K₂CO₃,2
tansuanjia,K₂CO₃,2
tansuanjia,K₂CO₃,2
tansuanmei,MgCO₃,2
tansuanmei,MgCO₃,2
tansuanna,Na₂CO₃,2
tansuanna,Na₂CO₃,2
tansuanqingan,NH₄HCO₃,2
tansuanqingan,NH₄HCO₃,2
tansuanqingan,NH₄HCO₃,2
tansuanqingan,NH₄HCO₃,2
tansuanqinggen,HCO₃⁻,2
tansuanqinggen,HCO₃⁻,2
tansuanqingna,NaHCO₃,2
tansuanqingna,NaHCO₃,2
tansuanyin,Ag₂CO₃,2
tansuanyin,Ag₂CO₃,2
te,4f⁹6s²,2
te,Tb,2
te,碲,5
ti,5s²5p³,2
ti,Sb,2
ti,钛,5
ti,铊,5
tian,Ts,2
tian,Ts,2
tianqingshi,SrSO₄,2
tianqingshi,SrSO₄,2
tie,3d⁶4s²,2
tie,3d⁶4s²,2
tie,Fe,2
tie,Fe,2
tiefan,FeSO₄·7H₂O,2
tiefan,FeSO₄·7H₂O,2
tielizi,Fe³⁺,2
tielizi,Fe³⁺,2
tieqinggen,[Fe(CN)₆]³⁻,2
tieqinggen,[Fe(CN)₆]³⁻,2
tieqinggenlizi,[Fe(CN)₆]³⁻,2
tieqinggenlizi,[Fe(CN)₆]³⁻,2
tieqinghuajia,K₃[Fe(CN)₆],2
tieqinghuajia,K₃[Fe(CN)₆],2
tieqinghuajia,K₃[Fe(CN)₆],2
tieqinghuajia,K₃[Fe(CN)₆],2
tieqinghuajia,K₃[Fe(CN)₆],2
tieqinghuajia,K₃[Fe(CN)₆],2
tieqinghuajia,K₃[Fe(CN)₆],2
tieqinghuajia,K₃[Fe(CN)₆],2
tieqinghuayatie,Fe₃[Fe(CN)₆]₂,2
tieqinghuayatie,Fe₃[Fe(CN)₆]₂,2
tieqinghuayatie,Fe₃[Fe(CN)₆]₂,2
tieqinghuayatie,Fe₃[Fe(CN)₆]₂,2
tieqinghuayatie,Fe₃[Fe(CN)₆]₂,2
tieqinghuayatie,Fe₃[Fe(CN)₆]₂,2
tieqinghuayatie,Fe₃[Fe(CN)₆]₂,2
tieqinghuayatie,Fe₃[Fe(CN)₆]₂,2
tong,3d¹⁰4s¹,2
tong,Cu,2
tonglizi,Cu²⁺,2
tu,6d²7s²,2
tu,Th,2
wanji,—R,2
wanting,CₙH₂ₙ₊₂,2
wate,㎺,2
wate,㎻,2
wate,㎼,2
wate,㎽,2
wate,㎾,2
wate,㎿,2
weimi,㎛,2
wu,5d⁴6s²,2
wu,W,2
wuyanghuaerfan,V₂O₅,2
wuyanghuaerfan,V₂O₅,2
wuyanghuaerlin,P₂O₅,2
wuyanghuaerlin,P₂O₅,2
xi,4s²4p⁴,2
xi,5s²5p²,2
xi,Se,2
xi,Sg,2
xi,Sn,2
xi,锡,5
xian,5s²5p⁶,2
xian,5s²5p⁶,2
xian,Xe,2
xian,Xe,2
xianweiertang,C₁₂H₂₂O₁₁,2
xianweiertang,C₁₂H₂₂O₁₁,2
xianweisu,(C₆H₁₀O₅)ₙ,2
xianweisu,(C₆H₁₀O₅)ₙ,2
xiaoji,—NO₂,2
xiaoji,—NO₂,2
xiaoji,—NO₂,2
xiaoji,—NO₂,2
xiaoshihui,Ca(OH)₂,2
xiaoshihui,Ca(OH)₂,2
xiaoshihui,Ca(OH)₂,2
xiaoshihui,Ca(OH)₂,2
xiaosuan,HNO₃,2
xiaosuan,HNO₃,2
xiaosuan,HNO₃,2
xiaosuan,HNO₃,2
xiaosuan,HNO₃,2
xiaosuan,HNO₃,2
xiaosuan,HNO₃,2
xiaosuan,HNO₃,2
xiaosuanan,NH₄NO₃,2
xiaosuanan,NH₄NO₃,2
xiaosuanan,NH₄NO₃,2
xiaosuanan,NH₄NO₃,2
xiaosuanan,NH₄NO₃,2
xiaosuanan,NH₄NO₃,2
xiaosuanan,NH₄NO₃,2
xiaosuanan,NH₄NO₃,2
xiaosuanan,NH₄NO₃,2
xiaosuanan,NH₄NO₃,2
xiaosuanan,NH₄NO₃,2
xiaosuanan,NH₄NO₃,2
xiaosuangai,Ca(NO₃)₂,2
xiaosuangai,Ca(NO₃)₂,2
xiaosuangai,Ca(NO₃)₂,2
xiaosuangai,Ca(NO₃)₂,2
xiaosuangai,Ca(NO₃)₂,2
xiaosuangai,Ca(NO₃)₂,2
xiaosuangai,Ca(NO₃)₂,2
xiaosuangai,Ca(NO₃)₂,2
xiaosuangai,Ca(NO₃)₂,2
xiaosuangai,Ca(NO₃)₂,2
xiaosuangai,Ca(NO₃)₂,2
xiaosuangai,Ca(NO₃)₂,2
xiaosuangen,NO₃⁻,2
xiaosuangen,NO₃⁻,2
xiaosuangen,NO₃⁻,2
xiaosuangen,NO₃⁻,2
xiaosuangen,NO₃⁻,2
xiaosuangen,NO₃⁻,2
xiaosuangen,NO₃⁻,2
xiaosuangen,NO₃⁻,2
xiaosuangen,NO₃⁻,2
xiaosuangen,NO₃⁻,2
xiaosuangen,NO₃⁻,2
xiaosuangen,NO₃⁻,2
xiaosuanjia,KNO₃,2
xiaosuanjia,KNO₃,2
xiaosuanjia,KNO₃,2
xiaosuanjia,KNO₃,2
xiaosuanjia,KNO₃,2
xiaosuanjia,KNO₃,2
xiaosuanjia,KNO₃,2
xiaosuanjia,KNO₃,2
xiaosuanjia,KNO₃,2
xiaosuanjia,KNO₃,2
xiaosuanjia,KNO₃,2
xiaosuanjia,KNO₃,2
xiaosuanjia,KNO₃,2
xiaosuanjia,KNO₃,2
xiaosuanjia,KNO₃,2
xiaosuanjia,KNO₃,2
xiaosuanmei,Mg(NO₃)₂,2
xiaosuanmei,Mg(NO₃)₂,2
xiaosuanmei,Mg(NO₃)₂,2
xiaosuanmei,Mg(NO₃)₂,2
xiaosuanmei,Mg(NO₃)₂,2
xiaosuanmei,Mg(NO₃)₂,2
xiaosuanmei,Mg(NO₃)₂,2
xiaosuanmei,Mg(NO₃)₂,2
xiaosuantong,Cu(NO₃)₂,2
xiaosuantong,Cu(NO₃)₂,2
xiaosuantong,Cu(NO₃)₂,2
xiaosuantong,Cu(NO₃)₂,2
xiaosuantong,Cu(NO₃)₂,2
xiaosuantong,Cu(NO₃)₂,2
xiaosuantong,Cu(NO₃)₂,2
xiaosuantong,Cu(NO₃)₂,2
xiaosuanyin,AgNO₃,2
xiaosuanyin,AgNO₃,2
xiaosuanyin,AgNO₃,2
xiaosuanyin,AgNO₃,2
xiaosuanyin,AgNO₃,2
xiaosuanyin,AgNO₃,2
xiaosuanyin,AgNO₃,2
xiaosuanyin,AgNO₃,2
xiaosuda,NaHCO₃,2
xiaosuda,NaHCO₃,2
xiaosuda,NaHCO₃,2
xiaosuda,NaHCO₃,2
xiaoxian,—NO₂,2
xiaoxian,—NO₂,2
xiaoxian,—NO₂,2
xiaoxian,—NO₂,2
xiaoxian,—NO₂,2
xiaoxian,—NO₂,2
xiaoxian,—NO₂,2
xiaoxian,—NO₂,2
xibingji,—CH₂—CH=CH₂,2
xieyan,MgSO₄·7H₂O,2
xieyan,MgSO₄·7H₂O,2
xin,3d¹⁰4s²,2
xin,Zn,2
xinbai,ZnO,2
xinlizi,Zn²⁺,2
xiting,CₙH₂ₙ,2
xiu,4s²4p⁵,2
xiu,Br,2
xiu,Br₂,2
xiuhuaqing,HBr,2
xiuhuaqing,HBr,2
xiuji,—Br,2
xiulizi,Br⁻,2
xiuyiwan,CH₃CH₂Br,2
xiwote,㏜,2
ya,3s²3p⁶ ,2
ya,Ar,2
yagonglizi,Hg⁺,2
yalinsuan,H₃PO₃,2
yalinsuan,H₃PO₃,2
yaliusuan,H₂SO₃,2
yaliusuan,H₂SO₃,2
yaliusuangen,SO₃²⁻,2
yaliusuangen,SO₃²⁻,2
yaliusuangen,SO₃²⁻,2
yaliusuanjia,K₂SO₃,2
yaliusuanjia,K₂SO₃,2
yaliusuanjia,K₂SO₃,2
yaliusuanjia,K₂SO₃,2
yaliusuanna,Na₂SO₃,2
yaliusuanna,Na₂SO₃,2
yaliusuanqinggen,HSO₃⁻,2
yaliusuanqinggen,HSO₃⁻,2
yaliusuanqingna,NaHSO₃,2
yaliusuanqingna,NaHSO₃,2
yang,2s²2p⁴,2
yang,O,2
yang,O₂,2
yanghuabei,BaO,2
yanghuabei,BaO,2
yanghuafan,V₂O₅,2
yanghuafan,V₂O₅,2
yanghuagai,CaO,2
yanghuagai,CaO,2
yanghuage,Cr₂O₃,2
yanghuage,Cr₂O₃,2
yanghualv,Al₂O₃,2
yanghualv,Al₂O₃,2
yanghuamei,MgO,2
yanghuamei,MgO,2
yanghuana,Na₂O,2
yanghuana,Na₂O,2
yanghuana,Na₂O,2
yanghuana,Na₂O,2
yanghuaqian,PbO,2
yanghuaqian,PbO,2
yanghuaqian,PbO,2
yanghuaqian,PbO,2
yanghuatie,FeO,2
yanghuatie,FeO,2
yanghuatie,FeO,2
yanghuatie,FeO,2
yanghuatie,Fe₂O₃,2
yanghuatie,Fe₂O₃,2
yanghuatie,Fe₂O₃,2
yanghuatie,Fe₂O₃,2
yanghuatie,Fe₃O₄,2
yanghuatie,Fe₃O₄,2
yanghuatie,Fe₃O₄,2
yanghuatie,Fe₃O₄,2
yanghuatong,CuO,2
yanghuatong,CuO,2
yanghuayatie,FeO,2
yanghuayatie,FeO,2
yanghuayatie,FeO,2
yanghuayatie,FeO,2
yanghuayatong,Cu₂O,2
yanghuayatong,Cu₂O,2
yanghuayin,Ag₂O,2
yanghuayin,Ag₂O,2
yanglizi,O²⁻,2
yangqi,O₂,2
yansuan,HCl,2
yansuan,HCl,2
yatielizi,Fe²⁺,2
yatielizi,Fe²⁺,2
yatonglizi,Cu⁺,2
yaxiaoji,—NO,2
yaxiaoji,—NO,2
yaxiaoji,—NO,2
yaxiaoji,—NO,2
yaxiaosuanna,NaNO₂,2
yaxiaosuanna,NaNO₂,2
yaxiaosuanna,NaNO₂,2
yaxiaosuanna,NaNO₂,2
yaxiaosuanna,NaNO₂,2
yaxiaosuanna,NaNO₂,2
yaxiaosuanna,NaNO₂,2
yaxiaosuanna,NaNO₂,2
yaxiaoxian,—NO,2
yaxiaoxian,—NO,2
yaxiaoxian,—NO,2
yaxiaoxian,—NO,2
yaxiaoxian,—NO,2
yaxiaoxian,—NO,2
yaxiaoxian,—NO,2
yaxiaoxian,—NO,2
yi,4d¹5s²,2
yi,4f¹⁴6s²,2
yi,5d⁷6s²,2
yi,Ir,2
yi,Y,2
yi,Yb,2
yibingji,—CH(CH₃)₂,2
yibingji,—Pr—i,2
yibingxiji,—H₂C=C(CH₃)C—,2
yichun,CH₃CH₂OH,2
yichun,C₂H₅OH,2
yichun,C₂H₆O,2
yichunna,CH₃CH₂ONa,2
yichunsuan,HOCH₂COOH,2
yichunsuan,HOCH₂COOH,2
yieran,H₂NCH₂CH₂NH₂,2
yieran,H₂NCH₂CH₂NH₂,2
yierchun,HOCH₂CH₂OH,2
yiersuan,COOH—COOH,2
yiersuan,COOH—COOH,2
yiersuan,H₂C₂O₄,2
yiersuan,H₂C₂O₄,2
yiji,—C₂H₅,2
yiji,—Et,2
yilvjiawan,CH₃Cl,2
yilvjiawan,CH₃Cl,2
yin,4d¹⁰5s¹,2
yin,5s²5p¹,2
yin,Ag,2
yin,In,2
yingshi,CaF₂,2
yinlichangliang,6.67384×10⁻¹¹m³/(kg·s²),2
yinlichangliang,6.67384×10⁻¹¹m³/(kg·s²),2
yinlizi,Ag⁺,2
yinzhu,HgS,2
yiquan,CH₃CHO,2
yiquan,CH₃CHO,2
yiquan,C₂H₄O,2
yiquan,C₂H₄O,2
yique,CH≡CH,2
yique,CH≡CH,2
yique,C₂H₂,2
yique,C₂H₂,2
yiqueji,—C≡CH,2
yiqueji,—C≡CH,2
yishuihean,NH₃·H₂O,2
yisuan,CH₃COOH,2
yisuan,CH₃COOH,2
yisuanna,CH₃COONa,2
yisuanna,CH₃COONa,2
yisuanyizhi,CH₃COOCH₂CH₃,2
yisuanyizhi,CH₃COOCH₂CH₃,2
yisuanyizhi,C₄H₈O₂,2
yisuanyizhi,C₄H₈O₂,2
yiwan,CH₃CH₃,2
yiwan,C₂H₆,2
yixi,CH₂=CH₂,2
yixi,C₂H₄,2
yixiananji,—NHCOCH₃,2
yixiananji,—NHCOCH₃,2
yixiananji,—NHCOCH₃,2
yixiananji,—NHCOCH₃,2
yixianji,—Ac,2
yixianji,—Ac,2
yixianji,—COCH₃,2
yixianji,—COCH₃,2
yixianyangji,—OCOCH₃,2
yixianyangji,—OCOCH₃,2
yixiji,—CH=CH₂,2
yiyanghuadan,NO,2
yiyanghuadan,NO,2
yiyanghuatan,CO,2
yiyanghuatan,CO,2
yiyuanchun,CₙH₂ₙ₊₁OH,2
yiyuanchun,CₙH₂ₙ₊₁OH,2
yiyuanludaiting,CₙH₂ₙ₊₁X,2
yiyuanludaiting,CₙH₂ₙ₊₁X,2
you,4f⁷6s²,2
you,5f³6d¹7s²,2
you,Eu,2
you,U,2
yuanmingfen,Na₂SO₄·10H₂O,2
yuanmingfen,Na₂SO₄·10H₂O,2
zhe,4s²4p²,2
zhe,Ge,2
zhengbingji,—CH₂CH₂CH₃,2
zhengdingji,—Bu—n,2
zhetang,C₁₂H₂₂O₁₁,2
zhi,CₙH₂ₙ₊₁COOCₘH₂ₘ₊₁,2
zhiji,—COOR,2
zhilixiaoshi,NaNO₃,2
zhilixiaoshi,NaNO₃,2
zhilixiaoshi,NaNO₃,2
zhilixiaoshi,NaNO₃,2
zhongjian,NaHCO₃,2
zhongjian,NaHCO₃,2
zhongjingshi,BaSO₄,2
zhongtu,BaO,2
zhuhui,K₂CO₃,2
zhusha,HgS,2
zijie,㎅,2
zijie,㎅,2
zijie,㎆,2
zijie,㎆,2
zijie,㎇,2
zijie,㎇,2
